Key,Amendment number,Name of the IFRA Standard,CAS numbers,Synonyms,IFRA Standard type
IFRA_STD_001,49,"Acetic acid, anhydride, reaction products with 1,5,10-Trimethyl-1,5,9-cyclododecatriene","144020-22-4
28371-99-5","Methyl trimethylcyclododecatrienyl ketone (mixture of isomers)
Trimofix O (commercial name)
Fixamber (commercial name)",RESTRICTION
IFRA_STD_002,49,Acetylated Vetiver oil,"84082-84-8
68917-34-0
73246-97-6
62563-80-8","Vetiveria zizanioides, extract, acetylated
Oils, vetiver, acetylated
Acetic acid, esters with vetiver oil alcohols
Vetiverol, acetate
Vetivert acetate (commercial name)
Vetivert acetate (Haiti) (commercial name)
Vetyveryl acetate (commercial name)
",RESTRICTION
IFRA_STD_003,49,Allyl phenoxyacetate,"7493-74-5
863306-60-9","Acetic acid, phenoxy-, 2-propenyl ester
2-Propenyl phenoxyacetate
Prop-2-enyl 2-phenoxyacetate
Acetate PA",RESTRICTION_SPECIFICATION
IFRA_STD_004,49,alpha-Amyl cinnamic alcohol,101-85-9,"Amylcinnamyl alcohol
α-Amylcinnamyl alcohol
2-Amyl-3-phenyl-2-propen-1-ol
2-Benzylideneheptanol
1-Heptanol, 2-(phenylmethylene)-
α-Pentylcinnamyl alcohol",RESTRICTION
IFRA_STD_005,49,alpha-Amyl cinnamic aldehyde,122-40-7,"Amyl cinnamal
Amyl cinnamic aldehyde
α-Amylcinnamaldehyde
α-Amyl ß-phenylacrolein
Heptanal, 2-(phenylmethylene)
α-Pentylcinnamaldehyde
α-Pentyl-ß-phenylacrolein
2-(Phenylmethylene)heptanal
Flomine (commercial name)",RESTRICTION
IFRA_STD_006,49,Anisyl alcohol,"105-13-5
1331-81-3","Anisalcohol
Anise alcohol
Anisic alcohol
Benzyl alcohol, p-methoxy
p-Methoxybenzyl alcohol",RESTRICTION
IFRA_STD_007,49,Benzaldehyde,100-52-7,"Benzenecarbonal
Benzene carboxaldehyde
Benzenecarboxaldehyde
Benzenemethylal
Benzoic aldehyde
Bitter almond oil, synthetic
Phenylformaldehyde
Phenylmethanol aldehyde",RESTRICTION
IFRA_STD_008,49,Benzyl alcohol,100-51-6,"Benzenemethanol
Benzylic alcohol
α-Hydroxytoluene
Phenylcarbinol
Phenyl carbinol
Phenylmethanol
Phenylmethyl alcohol
α-Toluenol",RESTRICTION
IFRA_STD_009,49,Benzyl benzoate,120-51-4,"Benylate
Benzoic acid, benzyl ester
Benzoic acid, phenylmethyl ester
Benzyl phenylformate
Phenylmethyl benzoate",RESTRICTION
IFRA_STD_010,49,Benzyl cinnamate,103-41-3,"Benzyl γ-phenylacrylate
Benzyl 3-phenylpropenoate
Cinnamein
Cinnamic acid, benzyl ester
Phenylmethyl 3-phenyl-2-propenoate
2-Propenoic acid, 3-phenyl-phenylmethyl ester",RESTRICTION
IFRA_STD_011,49,Benzyl salicylate,118-58-1,"Benzoic acid, 2-hydroxy-, phenylmethyl ester
Benzyl 2-hydroxybenzoate
Benzyl o-hydroxybenzoate
2-Hydroxybenzoic acid, benzyl ester
Phenylmethyl 2-hydroxybenzoate
Salicylic acid, benzyl ester",RESTRICTION
IFRA_STD_012,49,alpha-Butylcinnamaldehyde,7492-44-6,"2-Benzylidenehexanal
Butyl cinnamic aldehyde
α-Butyl-β-phenylacrolein
Hexanal, 2-(phenylmethylene)-
alpha-butylcinnamaldehyde",RESTRICTION
IFRA_STD_013,49,3-(m-tert-Butylphenyl)-2-methylpropionaldehyde (m-BMHCA),62518-65-4,"Benzenepropanal, 3-(1,1-dimethylethyl)-α-methyl-
3-(3-tert-Butylphenyl)-2-methylpropanal
m-BMHCA",RESTRICTION
IFRA_STD_014,49,p-tert-Butyldihydrocinnamaldehyde,18127-01-0,"Benzenepropanal, 4-(1,1-dimethylethyl)-
3-(4-tert-Butylphenyl)propionaldehyde
Bourgeonal (commercial name)
Liliphenal (commercial name)",RESTRICTION
IFRA_STD_015,49,p-tert-Butyl-α-methylhydrocinnamic aldehyde (p-BMHCA),80-54-6,"Benzenepropanal, 4-(1,1-dimethylethyl)-alpha-methyl-
p-t-Bucinal
2-(4-tert-Butylbenzyl)propionaldehyde
p-t-Butyl-alpha-methylhydrocinnamaldehyde
Butylphenyl methylpropional
alpha-Methyl-ß-(p-t-butylphenyl)propionaldehyde
Lilestralis (commercial name)
Lilial (commercial name)
Lysmeral (commercial name)",RESTRICTION_PROHIBITION
IFRA_STD_016,49,Carvone,"99-49-0
2244-16-8
6485-40-1","99-49-0 (Carvone): 
p-Mentha-6,8-dien-2-one;
1-Methyl-4-isopropenyl-6-cyclohexen-2-one;
2-Cyclohexen-1-one, 2-methyl-5-(1-methylethenyl)-;
5-Isopropenyl-2-methylcyclohex-2-en-1-one;
6,8(9)-p-Menthadien-2-one.

2244-16-8 (d-Carvone):
(S)-2-Methyl-5-(1-methylvinyl)cyclohex-2-en-1-one;
d-p-Mentha-6,8(9)-dien-2-one;
d-1-Methyl-4-isopropenyl-6-cyclohexen-2-one;
2-Cyclohexen-1-one, 2-methyl-5-(1-methylethenyl)-, (S)-.

6485-40-1 (l-Carvone):
l-p-Mentha-1(6),8-dien-2-one;
l-p-Mentha-6,8(9)-dien-2-one;
l-1-Methyl-4-isopropenyl-6-cyclohexen-2-one;
2-Cyclohexen-1-one, 2-methyl-5-(1-methylethenyl)-, (R)-;
5-Isopropenyl-2-methylcyclohex-2-en-1-one.",RESTRICTION
IFRA_STD_017,49,Cinnamic alcohol,104-54-1,"Cinnamyl alcohol
3-Phenylallyl alcohol
3-Phenyl-2-propen-1-ol
2-Propen-1-ol, 3-phenyl-
Styrone
Styryl alcohol
Zimtalcohol
Styryl carbinol",RESTRICTION
IFRA_STD_018,49,Cinnamic aldehyde,104-55-2,"Cinnamal
Cinnamaldehyde
Phenylacrolein
3-Phenyl-2-propena
3-Phenyl-2-propen-1-a
Cassia aldehyde",RESTRICTION
IFRA_STD_019,49,Cinnamic aldehyde dimethyl acetal,4364-06-1,"Benzene, (3,3-dimethoxy-1-propenyl)-
(3,3-Dimethoxypropen-1-yl)benzene
(3,3-Dimethoxyprop-1-en-1-yl)benzene
3-Phenyl-2-propenal dimethyl acetal",RESTRICTION
IFRA_STD_020,49,Cinnamyl nitrile,"1885-38-7
4360-47-8","Cinnamonitrile (E)
trans-.β.-Phenylacrylonitrile
2-Propenenitrile, 3-phenyl-, (E)-
",RESTRICTION
IFRA_STD_021,49,Citral,"5392-40-5
141-27-5
106-26-3","3,7-Dimethyl-2,6-octadienal
Geranial (trans-citral)
Neral
Geranial
Lemarome (commercial name)",RESTRICTION
IFRA_STD_022,49,Citronellol,"106-22-9
1117-61-9
26489-01-0
6812-78-8
141-25-3
7540-51-4","106-22-9: 
3,7-Dimethyl-6-octen-1-ol
6-Octen-1-ol, 3,7-dimethyl-
Citronellol
dl-Citronellol
Rhodinol pure (commercial name)

1117-61-9: 
3,7-Dimethyloct-6-en-1-ol
6-Octen-1-ol, 3,7-dimethyl-, (R)-
(R)-3,7-Dimethyloct-6-en-1-ol
(+)-ß-Citronellol
(+)-(R)-Citronellol

26489-01-0: 
6-Octen-1-ol, 3,7-dimethyl-,(+/-)-

6812-78-8: 
3,7-Dimethyloct-7-en-1-ol
7-Octen-1-ol, 3,7-dimethyl-,(S)-
3,7-Dimethyl-(6-or 7-)octen-1-ol	
3,7-Dimethyl-7-octen-1-ol	

141-25-3: 
3,7-Dimethyloct-7-en-1-ol
7-Octen-1-ol, 3,7-dimethyl- (isomer unspecified)
α-Citronellol
Rhodinol (commercial name)

7540-51-4: 
3,7-Dimethyloct-6-en-1-ol
(-)-3,7-Dimethyloct-6-en-1-ol
(S)-3,7-Dimethyl-6-octen-1-ol	
6-Octen-1-ol, 3,7-dimethyl-, (S)-
l-Citronellol",RESTRICTION
IFRA_STD_023,49,Coumarin,91-64-5,"2H-1-Benzopyran-2-one
2H-chromen-2-one
1,2-Benzopyrone
cis-o-Coumaric acid lactone
Coumarinic anhydride
2-Oxo-1,2-benzopyran
Tonka bean camphor

",RESTRICTION
IFRA_STD_024,49,Cuminaldehyde,122-03-2,"Benzaldehyde, 4-(1-methylethyl)-
Cumaldehyde
Cuminal
Cuminic aldehyde
4-Isopropylbenzaldehyde
p-Isopropylbenzaldehyde
4-Isopropylbenzenecarboxaldehyde",RESTRICTION
IFRA_STD_025,49,Cyclamen aldehyde,103-95-7,"Benzenepropanal, α-methyl-4-(1-methylethyl)-
Benzenepropanol, .α.-methyl-4-(1-methylethyl)-
3-p-Cumenyl-2-methylpropionaldehyde
p-Isopropyl-α-methylhydrocinnamaldehyde
3-(4-Isopropylphenyl)-2-methylpropanal
2-Methyl-3-(p-isopropylphenyl)propionaldehyde
α-Methyl-p-isopropylphenylpropylaldehyde
α-Methyl-4-(1-methylethyl)benzenepropanal
Cyclamal (commercial name)
Cyclaviol (commercial name)
Cyclosal (commercial name)",RESTRICTION_SPECIFICATION
IFRA_STD_026,49,Cyclopentadecanolide,106-02-5,"Angelica lactone
Cyclopentadecanolide
15-Hydroxypentadecanoic acid, ω-lactone
Oxacyclohexadecan-2-one
Pentadecalactone
ω-Pentadecalactone
Pentadecanolide
Cyclopentadecanolid Supra (commercial name)
Exaltex (commercial name)
Exaltolide (commercial name)
Macrolide (commercial name)
Muskalactone (commercial name)
Pentalide (commercial name)
Thibetolide (commercial name)",RESTRICTION
IFRA_STD_027,49,Dibenzyl ether,103-50-4,"Phenylmethoxymethylbenzene
Benzene, 1,1'-[oxybis(methylene)]bis-
Benzyl ether
Benzyl oxide
Dibenzyl oxide
1,1'-[Oxybis(methylene)]dibenzene",RESTRICTION
IFRA_STD_028,49,"6,7-Dihydro-1,1,2,3,3-pentamethyl-4(5H)-indanone (DPMI)",33704-61-9,"1,2,3,5,6,7-Hexahydro-1,1,2,3,3-pentamethyl-4H-inden-4-one
4H-Inden-4-one, 1,2,3,5,6,7-hexahydro-1,1,2,3,3-pentamethyl-
1,1,2,3,3-Pentamethyl-1,2,3,5,6,7-hexahydro-4H-inden-4-one
Cashmeran (commercial name)",RESTRICTION
IFRA_STD_029,51,Dihydrocoumarin,119-84-6,"Dihydrocoumarin
1,2-Benzodihydropyrone 
2H-1-Benzopyran-2-one, 3,4-dihydro-
Chroman-2-one
2-Chromanone
3,4-Dihydro-2H-1-benzopyran-2-one 
o-Hydroxydihydrocinnamic acid lactone 
Melilotic acid lactone
Melilotic lactone (commercial name)",RESTRICTION
IFRA_STD_030,49,Dimethylcyclohex-3-ene-1-carbaldehyde (mixed isomers),"68737-61-1 (mixed isomers)
68039-49-6
68039-48-5
27939-60-2
67801-65-4
36635-35-5
68084-52-6
35145-02-9","Dimethylcyclohex-3-ene-1-carbaldehyde (isomer mixture) (68737-61-1)
2,4-Dimethyl-3-cyclohexen-1-carboxaldehyde (68039-49-6)
3,5-Dimethylcyclohex-3-ene-1-carbaldehyde (68039-48-5)
Dimethylcyclohex-3-ene-1-carbaldehyde (isomer unspecified) (27939-60-2)
3,6-Dimethyl-3-cyclohexene-1-carboxaldehyde (67801-65-4)
3-Cyclohexene-1-carboxaldehyde, dimethyl- (isomer mixture)
2,4-Dimethyltetrahydrobenzaldehyde
Dimethyltetrahydrobenzaldehyde (isomer mixture)
Triplal (commercial name)
Vertocitral (commercial name)
Vertoliff (commercial name)
Tricyclal (commercial name)
Hivertal (commercial name)
Agrumen Aldehyde (commercial name)
Cyclovertal (commercial name)
Ligustral (commercial name)
Aldehyde AA (commercial name)",RESTRICTION
IFRA_STD_031,49,"1-(5,5-Dimethyl-1-cyclohexen-1-yl)pent-4-en-1-one",56973-85-4,"α-Dynascone
4-Penten-1-one, 1-(5,5-dimethyl-1-cyclohexen-1-yl)-
Dynascone (commercial name)
Galbanone (commercial name)
Galbascone (commercial name)
Neobutenone (commercial name)
Neogal (commercial name)
Neogalbenum (commercial name)",RESTRICTION
IFRA_STD_032,49,"2,2-Dimethyl-3-(3-tolyl)propan-1-ol",103694-68-4,"Benzenepropanol,.ß.,. ß.,3-trimethyl
2,2-Dimethyl-3-(3-methylphenyl)propanol
Benzene propanol
Majantol (commercial name)
Linlan alcohol (commercial name)
Muguetol B (commercial name)",RESTRICTION_SPECIFICATION
IFRA_STD_033,49,2-Ethoxy-4-methylphenol,2563-07-7,"2-Ethoxy-p-cresol
2-Ethoxy-4-methylphenol
4-Methyl-2-ethoxyphenol
Phenol, 2-ethoxy-4-methyl-
Ultravanil (commercial name)
Supravanil (commercial name)",RESTRICTION
IFRA_STD_034,49,p-Ethylbenzaldehyde,4748-78-1,"4-Ethylbenzaldehyde
 Benzaldehyde, 4-ethyl",RESTRICTION
IFRA_STD_035,51,Eugenol,97-53-0,"Eugenol
4-Allylcatechol-2-methyl ether
1-Allyl-4-hydroxy-3-methoxybenzene
4-Allyl-2-methoxyphenol
Caryophyllic acid
2-Hydroxy-5-allylanisole
1-Hydroxy-2-methoxy-4-allylbenzene
4-Hydroxy-3-methoxy-1-allylbenzene
1-Hydroxy-2-methoxy-4-propenylbenzene
2-Methoxy-4-allylphenol
2-Methoxy-4-(2-propenyl)phenol
Phenol, 2-methoxy-4-(2-propenyl)-
Eugenic acid
Allylguaiacol
4-Allylguaiacol",RESTRICTION
IFRA_STD_036,49,Farnesol,"4602-84-0
106-28-5
3790-71-4
16106-95-9
3879-60-5","Farnesol
2,6,10-Dodecatrien-1-ol, 3,7,11-trimethyl
Farnesyl alcohol
Trimethyl dodecatrienol
3,7,11-Trimethyl-2,6,10-dodecatrien-1-ol
trans-trans-Farnesol
cis-trans-Farnesol
2Z,6Z-Farnesol
cis-cis-Farnesol
2-trans,6-cis-Farnesol",RESTRICTION_SPECIFICATION
IFRA_STD_037,51,Geraniol,106-24-1,"Geraniol
3,7-Dimethylocta-2,6-dien-1-ol
2,6-Octadien-1-ol, 3,7-dimethyl-, (e)-
2,6-Dimethyl-2,6-octadien-8-ol	
trans-3,7-Dimethyl-2,6-octadien-1-ol	
Geraniol 60 (commercial name)
Geraniol Coeur (commercial name)
Geraniol extra (commercial name)
Geraniol SP (commercial name)
Geraniol Supra (commercial name)
Meranol (commercial name)
Rhodinol pure (commercial name)",RESTRICTION
IFRA_STD_038,49,2-Heptylidene cyclopentan-1-one,39189-74-7,"2-Heptylidenecyclopentanone
2-Heptylidenecyclopentan-1-one
Cyclopentanone, 2-heptylidene-",RESTRICTION
IFRA_STD_039,51,2-Hexenal,"505-57-7
6728-26-3
16635-54-4","2-Hexenal
trans-2-Hexenal
2-Hexenal, (E)-
Hexen-2-al
Hex-2-enal
Leaf aldehyde
beta-Propyl acrolein
cis-2-Hexenal
2-Hexenal, (Z)-",RESTRICTION
IFRA_STD_040,49,alpha-Hexyl cinnamic aldehyde,101-86-0,"2-Benzylideneoctanal
Hexyl cinnamal
α-Hexyl cinnamaldehyde
Hexyl cinnamic aldehyde
α-n-Hexylcinnamic aldehyde
Hexyl cinnamyl
α-n-Hexyl-β-phenylacrolein
Octanal, 2-(phenylmethylene)-
Jasmonal H (commercial name)",RESTRICTION
IFRA_STD_041,49,alpha-Hexylidene cyclopentanone,17373-89-6,"2-Hexylidene cyclopentanone
Cyclopentanone, 2-hexylidene-
2-Hexylidene cyclopentanone
Jasmalone (commercial name)",RESTRICTION
IFRA_STD_042,49,Hexyl salicylate,6259-76-3,"Hexyl 2-hydroxybenzoate
Benzoic acid, 2-hydroxy-, hexyl ester
Hexyl o-hydroxybenzoate",RESTRICTION
IFRA_STD_043,51,Hydroxycitronellal,107-75-5,"Hydroxycitronellal
Citronellalhydrate
7-Hydroxy-3,7-dimethyloctanal
3,7-Dimethyl-7-hydroxyoctanal
Octanal, 7-hydroxy-3,7-dimethyl-
Oxydihydrocitronellal
Laurinal (commercial name)
Laurine (commercial name)",RESTRICTION
IFRA_STD_044,49,3 and 4-(4-Hydroxy-4-methylpentyl)-3-cyclohexene-1-carboxaldehyde (HMPCC),"31906-04-4
51414-25-6","3-Cyclohexen-1-carboxaldehyde, 4-(4-hydroxy-4-methylpentyl)-
3-Cyclohexen-1-carboxaldehyde, 3-(4-hydroxy-4-methylpentyl)-
Hydroxyisohexyl 3-cyclohexene carboxaldehyde
4-(4-Hydroxy-4-methylpenyl) cyclohex-3-enecarbaldehyde
3-(4-Hydroxy-4-methylpentyl) cyclohex-3-ene-1-carbaldehyde
HICC
Lyral (commercial name)
Kovanol (commercial name)
Mugonal (commercial name)
Landolal (commercial name)
Cyclohexal (commercial name)",RESTRICTION
IFRA_STD_045,49,p-Isobutyl-alpha-methyl hydrocinnamaldehyde,6658-48-6,"p-Isobutyl-α-methyl hydro cinnamic aldehyde
Benzenepropanal, α-methyl-4-(2-methylpropyl)-
3-(4-Isobutyl-phenyl)-2-methyl-propionaldehyde
2-Methyl-3-[4-(2-methylpropyl)phenyl]propanal
3-(p-Cumenyl)-2-methylpropionaldehyde
Cyclamen homoaldehyde
Rhodial (commercial name)
Silvial (commercial name)
Suzaral (commercial name)",RESTRICTION
IFRA_STD_046,49,Isocyclocitral,"1335-66-6
1423-46-7
67634-07-5","1335-66-6:
1-Formyl-[2,4,6-]&[3,5,6-]trimethyl-3-cyclohexene
[2,4,6-]&[3,5,6-]Trimethyl-3-cyclohexene-1-carboxaldehyde

1423-46-7:
3-Cyclohexene-1-carboxaldehyde, 2,4,6-trimethyl-
Neocyclocitral
2,4,6-Trimethylcyclohex-3-enecarbaldehyde
2,4,6-Trimethyl-3-cyclohexenylcarboxaldehyde
2,4,6-Trimethyl-3-cyclohexene-1-carbaldehyde

67634-07-5:
3-Cyclohexene-1-carboxaldehyde, 3,5,6-trimethyl-
3,5,6-Trimethylcyclohex-3-ene-1-carbaldehyde",RESTRICTION
IFRA_STD_047,49,Isocyclogeraniol,68527-77-5,"3-Cyclohexene-1-methanol, 2,4,6-trimethyl-
2,4,6-Trimethyl-3-cyclohexene-1-methanol",RESTRICTION
IFRA_STD_048,49,Isoeugenol,"97-54-1
5932-68-3","1-Hydroxy-2-methoxy-4-propen-1-ylbenzene
4-Hydroxy-3-methoxy-1-propen-1-ylbenzene
4-Hydroxy-3-methoxy-1-propenylbenzene
iso-Eugenol
3-Methoxy-4-hydroxy-1-propen-1-ylbenzene
2-Methoxy-4-propenylphenol
2-Methoxy-4-(1-propenyl)phenol
Phenol, 2-methoxy-4-(1-propenyl)-
4-Propenylguaiacol",RESTRICTION
IFRA_STD_049,49,Jasmine absolute (grandiflorum),"8022-96-6
8024-43-9
90045-94-6
84776-64-7","Jasmine absolute (Jasminum grandiflorum L.)
Jasminum grandiflorum absolute
Jasmin officinale var. grandiflorum",RESTRICTION
IFRA_STD_050,49,Jasmine absolute (sambac),"91770-14-8
1034798-23-6","Jasmin sambac extract
Jasminum sambac (L.) Aiton",RESTRICTION
IFRA_STD_051,49,Melissa oil (genuine Melissa officinalis L.),"8014-71-9
84082-61-1","Balm oil (Melissa officinalis L.)
Lemon balm oil
Melissa officinalis leaf oil
Melissa oil (Melissa officinalis L.)
Oil of balm",RESTRICTION
IFRA_STD_052,49,Perilla aldehyde,2111-75-3,"1-Cyclohexene-1-carboxaldehyde, 4-(1-methylethenyl)-
4-Isopropenylcyclohex-1-ene-1-carbaldehyde
4-Isopropenyl-1-cyclohexene-1-carboxaldehyde
Dihydrocuminic aldehyde
p-Mentha-1,8-dien-7-al
Perillaldehyde",RESTRICTION
IFRA_STD_053,49,Menthadiene-7-methyl formate,68683-20-5,"Cyclohexadiene-1-ethanol, 4-(1-methylethyl)-, formate
Isobergamate
4-(Isopropyl)cyclohexadiene-1-ethyl formate
2-(4-Isopropylcyclohexadienyl)ethyl formate
Menthadienyl formate
4-(1-Methylethyl)cyclohexadiene-1-ethyl formate",RESTRICTION
IFRA_STD_054,51,p-Methoxybenzaldehyde,123-11-5,"p-Methoxybenzaldehyde	
Anisaldehyde
p-Anisaldehyde
Anisic aldehyde
Anisyl aldehyde
Benzaldehyde, 4-methoxy
4-Methoxybenzaldehyde
Aubepine P Cresol (commercial name)
Aubepine liquid (commercial name)",RESTRICTION
IFRA_STD_055,49,o-Methoxycinnamaldehyde,1504-74-1,"2'-Methoxycinnamaldehyde
ortho-Methoxycinnamic aldehyde
β-(o-Methoxyphenyl)acrolein 
3-(2-Methoxyphenyl)acrylaldehyde
3-(o-Methoxyphenyl)-2-propenal
2-Propenal, 3-(2-methoxyphenyl)-",RESTRICTION
IFRA_STD_056,49,Methoxy dicyclopentadiene carboxaldehyde,86803-90-9,"4,7-Methano-1H-indene-2-carboxaldehyde, octahydro-5-methoxy
8-Methoxytricyclo[5.2.2.1]decane-4-carboxaldehyde
Scentenal (commercial name)",RESTRICTION
IFRA_STD_057,51,4-Methoxy-alpha-methylbenzenepropanal,5462-06-6,"4-Methoxy-alpha-methylbenzenepropanal
4-Methoxy-α-methylbenzenepropanal
2-Anisylpropional
2-(p-Anisyl)propanal
Benzenepropanal, 4-methoxy-α-methyl-
Benzenepropanal, 4-methoxy-alpha-methyl-
Hydrocinnamaldehyde, p-methoxy-a-methyl
p-Methoxyhydratropaldehyde
4-Methoxy-α-methylbenzenepropanal
p-Methoxy-α-methylhydrocinnamaldehyde
p-Methoxy-alpha-methylhydrocinnamaldehyde
3-(4-Methoxyphenyl)-2-methylpropanal
3-(p-Methoxyphenyl)-2-methylpropionaldehyde
2-Methyl-3-(p-methoxyphenyl)propanal
2-Methyl-3-(4-methoxyphenyl)propionaldehyde
Canthoxal (commercial name)
Fennaldehyde (commercial name)
Foliaver (commercial name)",RESTRICTION
IFRA_STD_058,49,2-Methoxy-4-methylphenol,93-51-6,"Creosol
p-Creosol
p-Cresol, 2-methoxy-
Homoguaiacol
1-Hydroxy-2-methoxy-4-methylbenzene
4-Hydroxy-3-methoxytoluene
2-Methoxy-p-cresol
3-Methoxy-4-hydroxytoluene
4-Methylguaiacol
p-Methylguaiacol
4-Methyl-2-methoxyphenol
Phenol, 2-methoxy-4-methyl-
Valspice (commercial name)",RESTRICTION
IFRA_STD_059,49,"alpha-Methyl-1,3-benzodioxole-5-propionaldehyde (MMDHCA)",1205-17-0,"1,3-Benzodioxole-5-propanal, α-methyl-
3-(1,3-Benzodioxol-5-yl)-2-methylpropanal
2-Methyl-3-(3,4-methylenedioxyphenyl)- propionaldehyde
2-Methyl-3-(3,4-methylenedioxyphenyl)propanal
α-Methyl-3,4-(methylenedioxy)-hydrocinnamaldehyde
α-Methyl-1,3-benzodioxole-5-propanal
α-Methyl-1,3-benzodioxole-5-propionaldehyde
3-(3,4-Methylenedioxyphenyl)-2-methylpropanal
α-Methyl-3,4-methylene-dioxyhydrocinnamic aldehyde
Heliofolal (commercial name) 
Heliogan (commercial name) 
Helional (commercial name) 
Tropional (commercial name)",RESTRICTION
IFRA_STD_060,49,alpha-Methyl cinnamic aldehyde,101-39-3,"α-Methylcinnamaldehyde
α-Methylcinnamyl aldehyde
α-Methylcinnamic aldehyde
2-Methyl-3-phenyl-2-propenal
3-Phenyl-2-methylacrolein
2-Propenyl, 2-methyl-3-phenyl-",RESTRICTION
IFRA_STD_061,49,"6-Methyl-3,5-heptadien-2-one",1604-28-0,"3,5-Heptadien-2-one, 6-methyl-
Methylheptadienone
2-Methylhepta-2,4-dien-6-one
6-Methylhepta-3,5-dien-2-one",RESTRICTION
IFRA_STD_062,49,Methyl heptine carbonate,111-12-6,"Methyl heptyne carbonate
Methyl 2-octynoate
Methyl oct-2-ynoate
MHC
2-Octynoic acid, methyl ester
Folione (commercial name)",RESTRICTION
IFRA_STD_063,49,"Methyl ionone, mixed isomers","1335-46-2
127-42-4
127-43-5
127-51-5
7779-30-8
79-89-0
1335-94-0","1335-46-2:
Methyl ionone, mixture of isomers

127-42-4:
Methyl-α-ionone
α-Cetone
α-Cyclocitrylidenebutanone
α-Cyclocitrylidenemethyl ethyl ketone
Methyl-α-ionone
α-Methylionone
1-Penten-3-one, 1-(2,6,6-trimethyl-2-cyclohexen-1-yl)-, [R-(E)]-
(R-(E))-1-(2,6,6-Trimethyl-2-cyclohexen-1-yl)pent-1-en-3-one

127-43-5:
Methyl-beta-ionone
Methyl-ß-ionone
β-Methylionone
β-Cetone
β-Cyclocitrylidenebutanone
β-Iraldeine
1-Penten-3-one, 1-(2,6,6-trimethyl-1-cyclohexen-1-yl)-
5-(2,6,6-Trimethyl-1-cyclohexen-1-yl)-4-penten-3-one
1-(2,6,6-Trimethyl-1-cyclohexen-1-yl)pent -1-en-3-one

127-51-5:
α-Isomethylionone
3-Buten-2-one, 3-methyl-4-(2,6,6-trimethyl-2-cyclohexen-1-yl)-
3-Methyl-4-(2,6,6-trimethyl-2-cyclohexen-1-yl)-3-buten-2-one
α-Isomethyl ionone
Iraldeine gamma
Isoraldeine 95 (commercial name)

7779-30-8:
1-(2,6,6-Trimethyl-2-cyclohexen-1-yl)pent-1-en-3-one
1-Penten-3-one, 1-(2,6,6-trimethyl-2-cyclohexen-1-yl)-

79-89-0:
iso-Methyl-β-ionone
3-Buten-2-one, 3-methyl-4-(2,6,6-trimethyl-1-cyclohexen-1-yl)- 
3-Methyl-4-(2,6,6-trimethylcyclohex-1-en-1-yl)but-3-en-2-one
δ-Iraldeine

1335-94-0:
Irone",RESTRICTION_SPECIFICATION
IFRA_STD_064,49,Methyl octine carbonate,111-80-8,"Methyl octyne carbonate
Methyl 2-nonynoate
2-Nonynoic acid, methyl ester
MOC",RESTRICTION
IFRA_STD_065,49,3-Methyl-2-(pentyloxy)cyclopent-2-en-1-one,68922-13-4,"2-Cyclopenten-1-one, 2-(pentyloxy)-3-methyl-
Pentyloxy cyclopentenone (commercial name)",RESTRICTION
IFRA_STD_066,49,2-Nonyn-1-al dimethyl acetal,13257-44-8,"1,1-Dimethoxynon-2-yne
2-Nonyn-1-al-Dimeth-Acetyl
2-Nonyne, 1,1-dimethoxy-
Parmavert (commercial name)",RESTRICTION
IFRA_STD_067,49,Oakmoss extracts,"90028-68-5
68917-10-2
9000-50-4","Oakmoss absolute
Evernia absolute
Evernia prunastri, ext.
Mousse de Chêne absolute
Oakmoss absolute (Evernia prunastri)
Evernia prunastri (Oakmoss) extract",RESTRICTION_SPECIFICATION
IFRA_STD_068,49,"1-(1,2,3,4,5,6,7,8 Octahydro-2,3,8,8-tetramethyl-2-naphthalenyl) ethanone (OTNE)","54464-57-2
54464-59-4
68155-66-8
68155-67-9","54464-57-2: 
1-(1,2,3,4,5,6,7,8-Octahydro-2,3,8,8-tetramethyl-2-naphthalenyl)ethanone
1',2',3',4',5',6',7',8'-Octahydro-2',3',8',8'-tetramethyl-2'-acetonaphthone
1-(1,2,3,4,5,6,7,8-octahydro-2,3,8,8-tetramethyl-2-naphthyl)ethan-1-one
1-(2,3,8,8-tetramethyl-1,2,3,4,5,6,7,8-octahydronaphthalen-2-yl)ethanone
2-acetoxy-2,3,8,8-tetramethyloctahydronaphthalene
7-Acetyl-1,2,3,4,5,6,7,8-octahydro-1,1,6,7-tetramethylnaphthalene
Ethanone, 1-(1,2,3,4,5,6,7,8-octahydro-2,3,8,8-tetramethyl-2-naphthalenyl)-
Naphthalene, 1,2,3,4,5,6,7,8-octahydro-2,3,8,8-tetramethyl-2-aceto
Ambergris Ketone (commercial name)
Amberonne (commercial name)
Ambralux (commercial name)
Boisvelone (commercial name)
Iso Ambois Super (commercial name)
Iso-E Super (commercial name)
Iso Gamma Super (commercial name)
Isocyclemone E (commercial name)
Orbitone (commercial name)
Orbitone T (commercial name)

54464-59-4: 
1- (1,2,3,4,5,6,7,8- octahydro-2,3,5,5- tetramethyl-2- naphthalenyl)ethan-1-one
1-(2,3,5,5-tetramethyl-1,2,3,4,5,6,7,8-octahydronaphthalen-2-yl)ethanone
Ethanone, 1- (1,2,3,4,5,6,7,8- octahydro-2,3,5,5- tetramethyl-2- naphthalenyl)-
Naphthalene, 1,2,3,4,5,6,7,8-octahydro-2,3,5,5-tetramethyl-2-aceto

68155-66-8: 
1-(1,2,3,5,6,7,8,8a-Octahydro-2,3,8,8-tetramethyl-2-naphthyl)ethan-1-one
1-(2,3,8,8-Tetramethyl-1,2,3,5,6,7,8,8a-octahydronaphthalen-2-yl)ethanone
Ethanone, 1-(1,2,3,5,6,7,8,8a-octahydro-2,3,8,8-tetramethyl-2-naphthalenyl)-
Decalene, 2-Aceto-2,3,8,8-Tetramethyl(1,2,3,5,6,7,8,8A-Octahydro)-

68155-67-9: 
1-(1,2,3,4,6,7,8,8a-Octahydro-2,3,8,8-tetramethyl-2-naphthyl)ethan-1-one
1-(2,3,8,8-Tetramethyl-1,2,3,4,6,7,8,8a-octahydronaphthalen-2-yl)ethanone
Ethanone, 1-(1,2,3,4,6,7,8,8a-octahydro-2,3,8,8-tetramethyl-2-naphthalenyl)-
Decalene, 2-Aceto-2,3,8,8-Tetramethyl(1,2,3,4,6,7,8,8A-Octahydro)-",RESTRICTION
IFRA_STD_069,49,1-Octen-3-yl acetate,2442-10-6,"3-Acetoxyoctene
Amyl crotonyl acetate
Amyl vinyl carbinyl acetate
1-Octen-3-ol, acetate
Octenyl acetate
β-Octenyl acetate
n-Pentyl vinyl carbinol acetate",RESTRICTION
IFRA_STD_070,49,Opoponax,"8021-36-1
9000-78-6
93384-32-8","Opoponax (absolute, resinoid, oil, gum, tincture)
Bisabol-myrrh
Sweet myrrh
Opoponax chironium (L.) W.D.J. Koch
Commiphora erythraea Engler var. glabrescens (Burseraceae)",RESTRICTION_SPECIFICATION
IFRA_STD_071,49,Peru balsam,8007-00-9,"Prohibition of Peru balsam crude:

Exudation of Myroxylon pereirae Klotsch

Restriction of Peru balsam extracts and distillates:

Balsam oil, Peru (Myroxylon pereirae Klotzsch)
Myroxylon pereirae (Balsam Peru) oil
Myroxylon pereirae (Balsam Peru) resin
Myroxylon pereirae oil
Peru balsam absolute
Peru balsam anhydrol",RESTRICTION_PROHIBITION
IFRA_STD_072,49,"1-(2,4,4,5,5-Pentamethyl-1-cyclopenten-1-yl)ethan-1-one",13144-88-2,"2-Acetyl-1,3,3,4,4-pentamethyl-1-cyclopentene
Ethanone, 1-(2,4,4,5,5-pentamethyl-1-cyclopenten-1-yl)-
1-(2,4,4,5,5-Pentamethylcyclopent-1-en-1-yl)ethanone
Alpinone (commercial name)",RESTRICTION
IFRA_STD_073,49,Phenylacetaldehyde,122-78-1,"Benzeneacetaldehyde
Benzylcarboxaldehyde
Hyacinthin
1-Oxo-2-phenylethane
α-Tolualdehyde
α-Toluic aldehyde
Phenylacetic aldehyde
Phenyl acetic aldehyde (pure) (commercial name)",RESTRICTION
IFRA_STD_074,49,3-Phenylbutanal,16251-77-7,"Benzenepropanal, β-methyl-
3-Phenylbutyraldehyde
3-Phenyl-3-methylpropanal
Trifernal (commercial name)",RESTRICTION
IFRA_STD_075,49,2-Phenylpropionaldehyde,"93-53-8
1340-11-0
34713-70-7 ","Benzeneacetaldehyde, α-methyl-
Hydratropaldehyde
α-Methylphenylacetaldehyde
α-Methyltolualdehyde
2-Phenylpropanal
α-Phenylpropionaldehyde
(R)-2-Phenylpropionaldehyde
(S)-2-Phenylpropionaldehyde
Hydratropic aldehyde (commercial name)",RESTRICTION
IFRA_STD_076,51,3-Propylidenephthalide,17369-59-4,"3-Propylidenephthalide
1(3H)-Isobenzofuranone, 3-propylidene-
3-Propylidene-2-benzofuran-1(3H)-one
Propylidene phthalide",RESTRICTION
IFRA_STD_077,49,Rose ketones,"23696-85-7
23726-93-4
59739-63-8
43052-87-5
24720-09-0
23726-94-5
23726-92-3
23726-91-2
35044-68-9
57378-68-4
71048-82-3
35087-49-1
39872-57-6
70266-48-7
33673-71-1
87064-19-5","23696-85-7 (C13H18O):
1-(2,6,6-Trimethylcyclohexa-1,3-dienyl)-2-buten-1-one
2-Buten-1-one, 1-(2,6,6-trimethyl-1,3-cyclohexadien-1-yl)
Damascenone (commercial name)
Floriffone (commercial name)
Doricenone (commercial name)

23726-93-4 (C13H18O):
(E)-1-(2,6,6-Trimethyl-1,3-cyclohexadien-1-yl)-2-buten-1-one
trans-1-(2,6,6-Trimethyl-1,3-cyclohexadien-1-yl)-2-buten-1-one
2-Buten-1-one, 1-(2,6,6-trimethyl-1,3-cyclohexadien-1-yl)- (2E)-
β-Damascenone

59739-63-8 (C13H18O): 
(2Z)-1-(2,6,6-trimethyl-1,3-cyclohexadien-1-yl)-2-Buten-1-one
(Z)-β-Damascenone
cis-Damascenone
2-Buten-1-one, 1-(2,6,6-trimethyl-1,3-cyclohexadien-1-y1)-, (Z)-

43052-87-5 (C13H20O):
α-1-(2,6,6-Trimethyl-2-cyclohexen-1-yl)-2-buten-1-one
2-Buten-1-one, 1-(2,6,6-trimethyl-2-cyclohexen-1-yl)-
α-Damascone (commercial name)
Dihydrofloriffone α (commercial name)

24720-09-0 (C13H20O):
(E)-1-(2,6,6-Trimethyl-2-cyclohexen-1-yl)-2-buten-1-one
trans-1-(2,6,6-Trimethyl-2-cyclohexen-1-yl)but-2-en-1-one
2-Buten-1-one, 1-(2,6,6-trimethyl-2-cyclohexen-1-yl)-, (2E)-
trans-α-Damascone
Damascone alpha (commercial name)
Dorinone (commercial name)

23726-94-5 (C13H20O):
(Z)-1-(2,6,6-Trimethyl-2-cyclohexen-1-yl)-2-buten-1-one
cis-1-(2,6,6-Trimethyl-2-cyclohexen-1-yl)-2-buten-1-one
2-Buten-1-one, 1-(2,6,6-trimethyl-2-cyclohexen-1-yl)-, (Z)-
1-(2,6,6-Trimethylcyclohex-2-en-1-yl)but-2-en-1-one
cis-α-Damascone

23726-92-3 (C13H20O):
1-(2,6,6-Trimethylcyclohex-1-en-1-yl)but-2-en-1-one
(Z)-β-1-(2,6,6-Trimethyl-1-cyclohexen-1-yl)-2-buten-1-one
(Z)-1-(2,6,6-Trimethyl-1-cyclohexen-1-yl)-2-buten-1-one
2-Buten-1-one, 1-(2,6,6-trimethyl-1-cyclohexen-1-yl)-, (2Z)-
cis-β-Damascone (commercial name)
Damasione (commercial name)

23726-91-2 (C13H20O):
(2E)-1-(2,6,6-Trimethyl-1-cyclohexen-1-yl)-2-buten-1-one
(E)-1-(2,6,6-Trimethyl-1-cyclohexen-1-yl)-2-buten-1-one
1-(2,6,6-Trimethylcyclohex-1-en-1-yl)but-2-en-1-one
trans-β-Damascone, 
Dihydrofloriffone β (commercial name)
Dorinone beta (commercial name)

35044-68-9 (C13H20O):
2-Buten-1-one, 1-(2,6,6-trimethyl-1-cyclohexen-1-yl)-
2,6,6-Trimethyl-1-(2-butenoyl)-1-cyclohexene
2,6,6-Trimethyl-1-crotonoyl-1-cyclohexene
1-(2,6,6-Trimethylcyclohexenyl)-2-buten-1-one
1-(2,6,6-Trimethyl-1-cyclohexen-1-yl)-2-buten-1-one
Damascone β-
β-Damascone

57378-68-4 (C13H20O):
δ-1-(2,6,6-Trimethyl-3-cyclohexen-1-yl)-2-buten-1-one 
2-Buten-1-one, 1-(2,6,6-trimethyl-3-cyclohexen-1-yl)-
1-(2,6,6-Trimethyl-3-cyclohexen-1-yl)-2-buten-1-one
δ-Damascone (commercial name)
Dihydrofloriffone TD (commercial name)

71048-82-3 (C13H20O):
[1α(E),2β]-1-(2,6,6-Trimethyl-3-cyclohexen-1-yl)-2-buten-1-one
[1α(E),2β]-1-(2,6,6-Trimethylcyclohex-3-en-1-yl)but-2-en-1-one
trans,trans-δ-Damascone
trans δ Damascone (commercial name)

35087-49-1 (C13H20O):
1-(2,2-Dimethyl-6-methylenecyclohexyl)but-2-en-1-one
2-Buten-1-one, 1-(2,2-dimethyl-6-methylenecyclohexyl)-
Damascone γ-
γ-Damascone (commercial name)

39872-57-6 (C13H20O):
1-(2,4,4-Trimethyl-2-cyclohexen-1-yl)-2-buten-1-one
(E)-1-(2,4,4-Trimethyl-2-cyclohexen-1-yl)-2-buten-1-one
2-Buten-1-one, 1-(2,4,4-trimethyl-2-cyclohexen-1-yl)-, (2E)-
2-Buten-1-one, 1-(2,4,4-trimethyl-2-cyclohexen-1-yl)-, (E)-
(E)-α-Isodamascone
Isodamascone (high α) (commercial name)

70266-48-7 (C13H20O):
1-(2,4,4-Trimethyl-1-cyclohexen-1-yl)-2-buten-1-one
2-Buten-1-one, 1-(2,4,4-trimethyl-1-cyclohexene-1-yl)
Generic β-Isodamascone
Isodamascone (standard quality) (commercial name)

33673-71-1 (C13H20O):
1-(2,4,4-Trimethylcyclohex-2-en-1-yl)but-2-en-1-one
1-(2,4,4-Trimethyl-2-cyclohexen-1-yl)-2-buten-1-one
2-Buten-1-one, 1-(2,4,4-trimethyl-2-cyclohexen-1-yl)-
Isodamascone (isomer unspecified)
Generic δ-Isodamascone

87064-19-5 (C13H20O): 
2-Buten-1-one, 1-(2,4,4-trimethyl-2-cyclohexen-1-yl)-, (Z)-
cis-Isodamascone 

(including all geometric isomers).",RESTRICTION
IFRA_STD_078,49,Styrax,"8046-19-3
8024-01-9
94891-27-7
94891-28-8
101227-15-0","Prohibition of the crude material:

Styrax crude gums

Restriction and Specification of the distillates: 

Styrax resin 
Styrax oil 
Styrax oil, rectified 
Styrax oil, pyrogenated, distilled",PROHIBITION_RESTRICTION_SPECIFICATION
IFRA_STD_079,49,Tea leaf absolute,84650-60-2,"Camellia sinensis leaf extract
Tea, ext.
Tea sinensis absolute
Thea chinensis ext.
Thea sinensis ext.",RESTRICTION
IFRA_STD_080,49,Treemoss extracts,"90028-67-4
68648-41-9
68917-40-8","Treemoss absolute (Pseudevernia furfuracea)
Treemoss (Usnea furfuracea)
Treemoss colourless
Pseudevernia furfuracea extract
Cedar moss",RESTRICTION_SPECIFICATION
IFRA_STD_081,49,"o,m,p-Tolualdehydes and their mixtures","529-20-4
620-23-5
104-87-0
1334-78-7","529-20-4:
2-Tolualdehyde
ortho-Tolualdehyde
2-Methylbenzaldehyde

620-23-4:
meta-Tolualdehyde
3-Methyl-benzaldehyde
Benzaldehyde, 3-methyl-

104-87-0:
para-Tolualdehyde
4-Methyl-benzaldehyde
Benzaldehyde, 4-methyl-
Tolyl Aldehyde Para Extra (commercial name)

1334-78-7:
Benzaldehyde, methyl-
o,m,p-Methyl-benzaldehydes
Methylbenzaldehyde (mixed 2,3,4)	
Tolualdehydes (mixed o,m,p)
Tolualdehyde
Toluic aldehyde (mixed 2,3,4)
",RESTRICTION
IFRA_STD_082,49,"2,6,6-Trimethylcyclohex-1,3-dienyl methanal",116-26-7,"2,6,6-Trimethylcyclohexa-1,3-diene-1-carbaldehyde
2,6,6-Trimethyl-1,3-cyclohexadienal
2,6,6-Trimethyl-1,3-cyclohexadien-1-carboxaldehyde
1,1,3-Trimethyl-2-formylcyclohexa-2,4-diene
Dehydro-β-cyclocitral
Safranal (commercial name)",RESTRICTION
IFRA_STD_083,49,Verbena oil and absolute (Lippia citriodora Kunth.),"8024-12-2
85116-63-8","Prohibition of Verbena oils:

Lippia citriodora oils

Restriction of Verbena absolutes:

Lippia citriodora absolute
Verbena absolute
Aloysia triphylla absolute
Lippia triphylla absolute
Verbena triphylla absolute
Zappania citrodora absolute",RESTRICTION_PROHIBITION
IFRA_STD_084,49,Ylang ylang extracts,"8006-81-3
68606-83-7
83863-30-3","Cananga odorata (Lamark) (Hooker et Thompson) (Anonaceae)
Cananga odorata extract
Cananga odorata flower oil
Cananga odorata oil
Cananga oil
Ylang ylang oil (Cananga odorata Hook. f. and Thomas)
Ylang ylang oil extra
Ylang ylang oil I
Ylang ylang oil II
Ylang ylang oil III
Ylang ylang, Cananga odorata, ext.",RESTRICTION
IFRA_STD_085,49,Acetyl hexamethyl indan (AHMI),15323-35-0,"5-Acetyl-1,1,2,3,3,6-hexamethyl indan
6-Acetyl-1,1,2,3,3,5-hexamethylindane
1-(2,3-Dihydro-1,1,2,3,3,6-hexamethyl-1h-inden-5-yl)ethanone
Ethanone, 1-(2,3-dihydro-1,1,2,3,3,6-hexamethyl-1H-inden-5-yl)-
1,1,2,3,3,6-Hexamethylindan-5-yl methylketone
Phantolid (commercial name)",RESTRICTION
IFRA_STD_086,49,Angelica root oil,"8015-64-3
84775-41-7","Angelica archangelica oil
Angelica archangelica root oil
Angelica root oil (Angelica archangelica L.)",RESTRICTION
IFRA_STD_087,49,Bergamot oil expressed,"8007-75-8
89957-91-5",Not applicable.,RESTRICTION
IFRA_STD_088,49,Bitter orange peel oil expressed,"68916-04-1
72968-50-4","Orange Peel Oil, Bitter (Citrus aurantium L. subsp amara L.)
Bitter orange oil (Citrus aurantium L. subsp. amara L.)
Citrus aurantium peel oil
Curacao peel oil (Citrus aurantium L.)
Daidai peel oil (Citrus aurantium L.)",RESTRICTION
IFRA_STD_089,49,Citrus oils and other furocoumarins containing essential oils,Not applicable.,Not applicable.,RESTRICTION
IFRA_STD_090,49,Cumin oil,"8014-13-9
84775-51-9","Cumin seed oil
Cuminum cyminum (Cumin) seed oil
Cuminum cyminum L.
Cuminum cyminum oil
Oils, cumin (Cuminum cyminum)",RESTRICTION
IFRA_STD_091,49,Grapefruit oil expressed,"8016-20-4
90045-43-5",Not applicable.,RESTRICTION
IFRA_STD_092,49,Lemon oil cold pressed,"8008-56-8
84929-31-7",Not applicable.,RESTRICTION
IFRA_STD_093,49,Lime oil expressed,"8008-26-2
90063-52-8",Not applicable.,RESTRICTION
IFRA_STD_094,51,Methyl N-methylanthranilate,85-91-6,"Methyl N-methylanthranilate
Benzoic acid, 2-(methylamino)-, methyl ester
Dimethyl anthranilate
2-Methylamino methyl benzoate
N-Methylanthranilic acid, methyl ester
Methyl 2-(methylamino)benzoate
Methyl 2-methylaminobenzoate
Methyl o-methylaminobenzoate",RESTRICTION_SPECIFICATION
IFRA_STD_095,49,Methyl beta-naphthyl ketone,93-08-3,"2-Acetonaphthone
β-Acetylnaphthalene
Cetone d
Ethanone, 1-(2-naphthalenyl)
β-Methyl naphthyl ketone
β-Naphthyl methyl ketone
Oranger crystals",RESTRICTION
IFRA_STD_096,49,Rue oil,"8014-29-7
84929-47-5",Not applicable.,RESTRICTION
IFRA_STD_097,49,Tagetes oil and absolute,"Prohibition of Tagetes erecta:
90131-43-4
8016-84-0

Restriction and Specification of Tagetes patula and Tagetes minuta:
91722-29-1
8016-84-0
91770-75-1
","Prohibition of Tagetes erecta:

Tagetes erecta L.

Restriction and Specification of Tagetes patula and Tagetes minuta:

Tagetes absolute (Tagetes patula L.)
Tagetes patula absolute
Tagetes patula, ext.
Tagetes minuta absolute
Tagetes oil",PROHIBITION_RESTRICTION_SPECIFICATION
IFRA_STD_098,49,Furfural,98-01-1,"2-Formylfuran
Fural
Furaldehyde
2-Furaldehyde
2-Furancarbonal
2-Furancarboxaldehyde
Furfuraldehyde
α-Furfuraldehyde
2-Furylcarboxaldehyde
Pyromucic aldehyde",RESTRICTION
IFRA_STD_099,51,Estragole,"140-67-0
1407-27-8
77525-18-9","Estragole
p-Allylanisole
4-Allylanisole
1-Allyl-4-methoxybenzene
Benzene, 1-methoxy-4-(2-propenyl)-
Chavicyl methyl ether
Isoanethole
p-Methoxyallylbenzene
1-Methoxy-4-(2-propen-1-yl)benzene
Methyl chavicol",RESTRICTION
IFRA_STD_100,51,Methyl eugenol,93-15-2,"Methyl eugenol
Eugenol methyl ether
Eugenyl methyl ether
Methyl eugenol ether
Allylveratrole
4-Allylveratrole
Veratrole methyl ether
4-Allyl-1,2-dimethoxybenzene
Benzene, 1,2-dimethoxy-4-(2-propenyl)-
1,2-Dimethoxy-4-allylbenzene
1,2-dimethoxy-4-(2-propenyl)-benzene
3,4-Dimethoxyallylbenzene",RESTRICTION
IFRA_STD_101,49,Methyl N-formylanthranilate,41270-80-8,"Benzoic acid, 2-(formylamino)-, methyl ester
Methyl 2-(formylamino)benzoate 
Methyl 2-formamidobenzoate
Methyl o-formamidobenzoate
N-Formylanthranilic acid, methyl ester",RESTRICTION_SPECIFICATION
IFRA_STD_102,49,Thujone,"546-80-5
471-15-8
76231-76-0
1125-12-8","1-Isopropyl-4-methylbicyclo[3.1.0]hexan-3-one
3-Thujanone, (1s,4r,5r)-(-)-
α-Thujone
β-Thujone",RESTRICTION
IFRA_STD_103,40,Acetyl ethyl tetramethyl tetralin (AETT),88-29-9,"7-Acetyl-6-ethyl-1,1,4,4-tetramethyl-1,2,3,4-tetrahydronaphthalene
Ethanone, 1-(3-ethyl-5,6,7,8-tetrahydro-5,5,8,8-tetramethyl-2-naphthalenyl)-
Versalide (commercial name)",PROHIBITION
IFRA_STD_104,40,Acetyl isovaleryl,13706-86-0,"5-Methyl-2,3-hexanedione
2,3-Hexanedione, 5-methyl-
Acetyl isopentanoyl",PROHIBITION
IFRA_STD_105,40,Alantroot oil,"84012-20-4
97676-35-2","Alantroot oil (Inula helenium)
Elecampane oil
Inula helenium oil",PROHIBITION
IFRA_STD_106,43,Allyl heptine carbonate,73157-43-4,"Allyl 2-octynoate
2-Octynoic acid
2-Propenyl ester",PROHIBITION
IFRA_STD_107,49,Allyl isothiocyanate,57-06-7,"Allyl isosulfocyanate
Allyl thiocarbonimide
1-Propenal, 3-isothiocyanato-
2-Propenyl isothiocyanate
AITC",PROHIBITION
IFRA_STD_108,43,Amylcyclopentenone,25564-22-1,"2-Cyclopenten-1-one, 2-pentyl-
2-Pentyl-2-cyclopentenone
2-Pentylcyclopent-2-en-1-one",PROHIBITION
IFRA_STD_109,40,Anisylidene acetone,943-88-4,"3-Butene-2-one, 4-(4-methoxyphenyl) ester
4-(p-methoxyphenyl)-3-butene-2-one
Methyl p-methoxycinnamyl ketone",PROHIBITION
IFRA_STD_110,40,cis-and trans-Asarone,"494-40-6
2883-98-9
5273-86-9","494-40-6:
Benzene, 1,2,4-trimethoxy-5-(1-propen-1-yl)- (unspecified isomer)
(E)-and (Z)-2,4,5-Trimethoxypropen-1-yl benzene)

2883-98-9: 
α-Asarone
trans-Asarone
Benzene, 1,2,4-trimethoxy-5-(1-propenyl)-, (E)-
trans-Isoasarone

5273-86-9: 
ß-Asarone
cis-ß-Asarone
Benzene, 1,2,4-trimethoxy-5-(1-propenyl)-, (Z)-
cis-Isoasarone",PROHIBITION_RESTRICTION
IFRA_STD_111,38,Benzene,71-43-2,Benzol,PROHIBITION_SPECIFICATION
IFRA_STD_112,38,Benzyl cyanide,140-29-4,"Benzeneacetonitrile
Benzylnitrile
Phenylacetonitrile
Phenyl acetyl nitrile",PROHIBITION_RESTRICTION
IFRA_STD_113,40,Benzylidene acetone,122-57-6,"4-Phenyl-3-buten-2-one
3-Buten-2-one, 4-phenyl-
Benzilideneacetone
Methyl styryl ketone",PROHIBITION
IFRA_STD_114,47,Birch wood pyrolysate,"8001-88-5
68917-50-0
84012-15-7
85251-66-7
85940-29-0
91745-85-6

","Prohibition of the crude material:

Birch tar oil, crude 

Specification for the distillates: 

Birch tar oil dephenolated
Birch tar oil rectified
Essence bouleau dephenolisée
Essence bouleau (Goudron) rect.",PROHIBITION_SPECIFICATION
IFRA_STD_115,44,Boldo oil,"8022-81-9
84649-96-7","Boldo leaf oil (Peumus boldus Mol.)
Oil, boldo leaf
Peumus boldus oil",PROHIBITION
IFRA_STD_116,43,"3-Bromo-1,7,7-trimethylbicyclo[2.2.1]heptane-2-one",76-29-9,"Bicyclo[2.2.1]heptan-2-one, 3-bromo-1,7,7-trimethyl-
2-Bornanone, 3-bromo-
3-Bromobornan-2-one
3-Bromo-2-bornanone
3-Bromocamphor
Camphor bromide
Camphor, 3-bromo-",PROHIBITION
IFRA_STD_117,43,Bromostyrene,103-64-0,"Benzene, (2-bromoethenyl)-
α-Bromo-ß-phenylethylene
ß-Bromostyrene
ß-Bromovinylbenzene
ω-Bromstyrene
Bromstyrol
Bromstyrolene",PROHIBITION
IFRA_STD_118,40,p-tert-Butylphenol,98-54-4,"4-tert-Butylphenol
4-(1,1-Dimethylethyl) phenol
1-Hydroxy-4-tert-butylbenzene
Phenol, 4-(1,1-dimethylethyl)-
Phenol, p-tert-butyl",PROHIBITION
IFRA_STD_119,47,Cade oil,"8013-10-3
90046-02-9","Prohibition of the crude material:

Juniper tar

Specification for the distillates:

Juniper tar oil
Juniperus oxycedrus oil",PROHIBITION_SPECIFICATION
IFRA_STD_120,38,Carvone oxide,33204-74-9,"Carvone epoxide
1,6-Epoxy-p-menth-8-en-2-one
1-Methyl-4-(1-methylvinyl)-7-oxabicyclo[4.1.0]heptan-2-one
7-Oxabicyclo[4.1.0]heptan-2-one, 1-methyl-4-(1-methylethenyl)-",PROHIBITION
IFRA_STD_121,43,Chenopodium oil,"8006-99-3
8024-11-1
89997-47-7","American wormseed oil
Chenopodium ambrosioides L. var anthelminticum",PROHIBITION
IFRA_STD_122,43,Cinnamylidene acetone,4173-44-8,"3,5-Hexadien-2-one, 6-phenyl-
Methyl 4-phenyl-1,3-butadienyl ketone
1-Phenyl-3,5-hexadien-5-one
6-Phenyl-3,5-hexadien-2-on",PROHIBITION
IFRA_STD_123,40,Colophony,8050-09-7,"Colophonium
Rosin",PROHIBITION
IFRA_STD_124,40,"Costus root oil, absolute and concrete","8023-88-9
90106-55-1","Costus root essential oil, absolute and concrete (Saussurea lappa Clarke)
Oils, costus
Saussurea lappa root oil
Spiral flag oil",PROHIBITION
IFRA_STD_125,4,Cyclamen alcohol,4756-19-8,"3-(4-Isopropylphenyl)-2-methylpropan-1-ol
3-(p-Isopropyl)phenyl-2-methyl-1-propanol
Benzenepropanol, .β.-methyl-4-(1-methylethyl)-

",PROHIBITION_SPECIFICATION
IFRA_STD_126,43,Musk alpha,63697-53-0,"Musk alpha
1,3-Dibromo-2-methoxy-4-nitro-5-(1,1-dimethylethyl)-6-methyl-benzene
Benzene,1,3-dibromo-5-(1,1-dimethylethyl)-2- methoxy-4-methyl-6-nitro-",PROHIBITION
IFRA_STD_127,43,Musk KS,62265-99-0,"1,3-Dibromo-2-methoxy-4-methyl-5-nitrobenzene
Benzene, 1,3-dibromo-2-methoxy-4-methyl-5-nitro-
1,3-Dibromo-2-methoxy-5-nitro-6-methylbenzene
2,4-Dibromo-3-methoxy-6-nitrotoluene
2,6-Dibromo-3-methyl-4-nitroanisole
6-Nitro-2,4-dibromo-3-methoxytoluene
Bromorose
Musk KS (commercial name)",PROHIBITION
IFRA_STD_128,43,"2,2-Dichloro-1-methylcyclopropylbenzene",3591-42-2,"Benzene, (2,2-dichloro-1-methylcyclopropyl)-",PROHIBITION
IFRA_STD_129,47,"2,4-Dienals","764-40-9
142-83-6
80466-34-8
5910-85-0
30361-28-5
6750-03-4
2363-88-4
13162-46-4
21662-16-8
25152-84-5
30361-29-6
4313-03-5
20432-40-0
4488-48-6
5577-44-6
5910-87-2","Including but not limited to:
2,4-Pentadienal
2,4-Hexadienal
2,4-Heptadienal
2,4-Octadienal
2,4-Nonadienal
2,4-Decadienal
2,4-Undecadienal
2,4-Dodecadienal
trans,trans-2,4-Decadienal
trans,trans-2,4-Undecadienal
2,4-Heptadien-1-al
(including all geometric isomers)",PROHIBITION
IFRA_STD_130,40,Diethyl maleate,141-05-9,"2-Butenedioic acid (2Z)-, diethyl ester
Ethyl maleate
Maleic acid, diethyl ester",PROHIBITION
IFRA_STD_131,40,"2,4-Dihydroxy-3-methylbenzaldehyde",6248-20-0,"Benzaldehyde, 2,4-dihydroxy-3-methyl-
4-Formyl-2-methylresorcinol",PROHIBITION
IFRA_STD_132,40,"4,6-Dimethyl-8-tert-butylcoumarin",17874-34-9,"2H-1-Benzopyran-2-one, 8-(1,1-dimethylethyl)-4,6-dimethyl-
Butolia",PROHIBITION
IFRA_STD_133,38,"3,7-Dimethyl-2-octen-1-ol",40607-48-5,"6,7-Dihydrogeraniol
2-Octen-1-ol, 3,7-dimethyl",PROHIBITION
IFRA_STD_134,40,Dimethyl citraconate,617-54-9,"2-Butenedioic acid, 2-methyl-, dimethyl ester, (2Z)-
Dimethyl methyl maleate
Methylmaleic acid, dimethyl ester",PROHIBITION
IFRA_STD_135,38,Diphenylamine,122-39-4,"Benzeneamine, N-phenyl-",PROHIBITION
IFRA_STD_136,48,"2,4-Dodecadien-1-ol, (2E, 4E)",18485-38-6,"2,4-Dodecadien-1-ol",PROHIBITION
IFRA_STD_137,43,Esters of 2-Nonynoic acid (except Methyl octine carbonate),"e.g.:
10031-92-2","Ethyl 2-nonynoate
Ethyl octine carbonate
Ethyl octyne carbonate
2-Nonynoic acid, ethyl ester",PROHIBITION
IFRA_STD_138,43,Esters of 2-Octynoic acid (except Methyl heptine carbonate),"e.g.:
10484-32-9
10519-20-7","10484-32-9:
Amyl heptine carbonate
2-Octynoic acid, pentyl ester
Pentyl 2-octynoic acid
Vert de violette

10519-20-7:
Ethyl heptine carbonate
Ethyl 2-octynoate
2-Octynoic acid, ethyl ester",PROHIBITION
IFRA_STD_139,40,Ethyl acrylate,140-88-5,"Ethyl propenoate
2-Propenoic acid, ethyl ester",PROHIBITION
IFRA_STD_140,38,Ethylene glycol monoethyl ether and its acetate,"110-80-5 (ether)
111-15-9 (acetate)","110-80-5 (ether):
Ethylene glycol ethyl ether
2-Ethoxyethanol
Ethanol, 2-ethoxy-
Cellosolve
Oxitol

111-15-9 (acetate):
Ethylene glycol ethyl ether acetate
2-Ethoxyethyl acetate
Ethyl cellosolve acetate
Ethanol, 2-ethoxy-, acetate
1-Acetoxy-2-ethoxyethane",PROHIBITION
IFRA_STD_141,38,Ethylene glycol monomethyl ether and its acetate,"109-86-4 (ether)
110-49-6 (acetate)","109-86-4 (ether):
Ethylene glycol methyl ether
2-Methoxyethanol
Ethanol, 2-methoxy-
Methyl cellosolve

110-49-6 (acetate):
Ethylene glycol methyl ether acetate
2-Methoxyethanol acetate
2-Methoxyethyl acetate
Methyl cellosolve acetate
Ethanol, 2-methoxy-, acetate",PROHIBITION
IFRA_STD_142,40,Fig leaf absolute,"68916-52-9
90028-74-3","Ficus carica absolute
Fig leaf absolute (Ficus carica)",PROHIBITION
IFRA_STD_143,48,Furfuryl alcohol,98-00-0,"2-Furancarbinol
2-Furanmethanol
Furfuralcohol
Furfuryl alcohol
α-Furylcarbinol
2-Furylcarbinol
2-Furylmethanol
2-Hydroxymethylfuran",PROHIBITION
IFRA_STD_144,43,Furfurylidene acetone,623-15-4,"3-Buten-2-one, 4-(2-furanyl)-
Furfuralacetone
4-(2-Furyl)-3-buten-2-one",PROHIBITION
IFRA_STD_145,43,Geranyl nitrile,"5146-66-7
5585-39-7
31983-27-4","(2E)-3,7-dimethylocta-2,6-dienenitrile
3,7-Dimethyl-2,6-octadienenitrile
Geranonitrile (isomer unspecified)
2,6-Octadienenitrile, 3,7-dimethyl-
Citranile (commercial name)
Citralva (commercial name)
Geranitrile (commercial name)",PROHIBITION
IFRA_STD_146,40,trans-2-Heptenal,18829-55-5,"beta-Butylacrolein
3-Butylacrolein
(E)-2-Hepten-1-al
2-Heptenal, (E)-",PROHIBITION
IFRA_STD_147,48,"2,4-Hexadien-1-ol","111-28-4
17102-64-6","1-Hydroxy-2,4-hexadiene
Hexa-2,4-dien-1-ol
Sorbic alcohol
Sorbyl alcohol
Hexadienol (commercial name)",PROHIBITION
IFRA_STD_148,40,Hexahydrocoumarin,700-82-3,"2H-1-Benzopyran-2-one, 3,4,5,6,7,8-hexahydro-
Coumarin, hexahydro-
Coumarin, 3,4,5,6,7,8-hexahydro-
1-Cyclohexene-1-propanoic acid, 2-hydroxy-, d-lactone
3,4,5,6,7,8-Hexahydro-2H-1-benzopyran-2-one",PROHIBITION
IFRA_STD_149,40,trans-2-Hexenal diethyl acetal,67746-30-9,"1,1-Diethoxy-trans-2-hexene
(E)-2-Hexenal diethyl acetal
2-Hexene, 1,1-diethoxy-, (2E)-",PROHIBITION
IFRA_STD_150,40,trans-2-Hexenal dimethyl acetal,18318-83-7,"1,1-Dimethoxy-trans-2-hexene
2-Hexene, 1,1-dimethoxy-, (2E)-",PROHIBITION
IFRA_STD_151,38,"Hydroabietyl alcohol, Dihydroabietyl alcohol","13393-93-6
26266-77-3
1333-89-7",Abitol (mixture of different hydroabietyl alcohols),PROHIBITION
IFRA_STD_152,40,Hydroquinone monoethyl ether,622-62-8,"1-Ethoxy-4-hydroxybenzene
p-Ethoxyphenol
Phenol, 4-ethoxy-
4-Ethoxyphenol",PROHIBITION
IFRA_STD_153,40,Hydroquinone monomethyl ether,150-76-5,"4-Hydroxyanisole
p-Hydroxyanisole
4-Methoxyphenol
p-Methoxyphenol
Phenol, p-methoxy-",PROHIBITION
IFRA_STD_154,49,Isophorone,78-59-1,"2-Cyclohexen-1-one, 3,5,5-trimethyl-
Isoacetophorone
3,5,5-Trimethyl-2-cyclohexen-1-one",PROHIBITION_RESTRICTION
IFRA_STD_155,40,6-Isopropyl-2-decalol,34131-99-2,"Decahydro-6-isopropyl-2-naphthol
Decahydro-6-(1-methylethyl)-2-naphthalenol
6-Isopropyl-2-decahydronaphthalenol
6-Isopropyldecalol
2-Naphthalenol, decahydro-6-(1-methylethyl)-
Decatol",PROHIBITION
IFRA_STD_156,43,Massoia bark oil,85085-26-3,"Cryptocarya massoio oil
Cryptocarya massoy bark extract
Cryptocarya massoy, ext.
Massoia bark oil (Cryptocarya massoio)",PROHIBITION
IFRA_STD_157,48,Massoia lactone,"54814-64-1
51154-96-2","2-Decen-1,5-lactone
(-)-2-Decenoic acid, 5-hydroxy, δ-lactone
(R)-5,6-Dihydro-6-pentyl-2H-pyran-2-one
5,6-Dihydro-6-pentyl-2H-pyran-2-one
5-Hydroxy-2-decenoic acid δ-lactone
2H-Pyran-2-one, 5,6-dihydro-6-pentyl-, (R)-
Massoi lactone",PROHIBITION
IFRA_STD_158,43,7-Methoxycoumarin,531-59-9,"2H-1-Benzopyran-2-one, 7-methoxy-
Herniarin",PROHIBITION_RESTRICTION
IFRA_STD_159,40,α-Methyl anisylidene acetone,104-27-8,"1-(p-Methoxyphenyl)-1-penten-3-one
p-Methoxystyryl ethyl ketone
alpha-Methylanisalacetone
α-Methylanisalacetone
1-(4-Methoxyphenyl)-1-penten-3-one
1-Penten-3-one, 1-(4-(methoxyphenyl))-
Ethone (commercial name)",PROHIBITION
IFRA_STD_160,40,6-Methylcoumarin,92-48-8,"2H-1-Benzopyran-2-one, 6-methyl
6-Methyl-2h-1-benzopyran-2-one
6-Methylbenzopyrone
6-Methyl coumarin
6-Methyl-cis-o-coumarinic lactone
5-Methyl-2-hydroxyphenylpropenoic acid lactone
Toncarine (commercial name)",PROHIBITION
IFRA_STD_161,40,7-Methylcoumarin,2445-83-2,"2H-1-Benzopyran-2-one, 7-methyl-
7-Methyl-2-H-1-benzopyran-2-one",PROHIBITION
IFRA_STD_162,40,Methyl crotonate,623-43-8,"2-Butenoic acid, methyl ester, (E)-
Methyl trans-2-butenoate",PROHIBITION
IFRA_STD_163,40,4-Methyl-7-ethoxycoumarin,87-05-8,"2H-1-Benzopyran-2-one, 7-ethoxy-4-methyl-
Coumarin, 7-ethoxy-4-methyl-
7-Ethoxy-4-methylcoumarin
4-Methyl-7-ethoxybenzopyrone
Maraniol (commercial name)",PROHIBITION
IFRA_STD_164,43,p-Methylhydrocinnamic aldehyde,5406-12-2,"Benzenepropanal, 4-methyl
p-Methyldihydrocinnamaldehyde
p-Methylhydrocinnamaldehyde
3-(4-Methylphenyl)propanal
3-p-Tolylpropionaldehyde",PROHIBITION
IFRA_STD_165,43,Methyl methacrylate,80-62-6,"Methyl 2-methacrylate, 2-(methoxycarbonyl)-1-propene
Methyl 2-methyl-2-propenoate
2-Propenoic acid, 2-methyl-, methyl ester
MMA",PROHIBITION
IFRA_STD_166,43,3-Methyl-2(3)-nonenenitrile,53153-66-5,"2-Nonenenitrile, 3-methyl-
Citgrenile (commercial name)",PROHIBITION
IFRA_STD_167,43,Musk moskene,116-66-5,"1,1,3,3,5-Pentamethyl-4,6-dinitroindane
1H-Indene, 2,3-dihydro-1,1,3,3,5-pentamethyl-4,6,-dinitro-",PROHIBITION
IFRA_STD_168,40,Musk ambrette,83-66-9,"Benzene, 1-(1,1-dimethylethyl)-2-methoxy-4-methyl-3,5-dinitro-
1-tert-Butyl-2-methoxy-4-methyl-3,5-dinitrobenzene
4-tert-Butyl-3-methoxy-2,6-dinitrotoluene
6-tert-Butyl-3-methyl-2,4-dinitroanisole
1-(1,1-Dimethylethyl)-2-methoxy-4-methyl-3,5-dinitrobenzene
2,6-Dinitro-3-methoxy-1-methyl-4-tert-butylbenzene
2,6-Dinitro-3-methoxy-4-tert-butyltoluene
2,4-Dinitro-3-methyl-6-tert-butylanisole",PROHIBITION
IFRA_STD_169,43,Musk tibetene,145-39-1,"1-tert-Butyl-2,6-dinitro-3,4,5-trimethylbenzene
Benzene, 1-(1,1-dimethylethyl)-3,4,5-trimethyl-2,6-dinitro-",PROHIBITION
IFRA_STD_170,44,Musk xylene,81-15-2,"2,4,6-Trinitro-1,3-methyl-5-tert-butylbenzene
1-tert-Butyl-3,5-dimethyl-2,4,6-trinitrobenzene
Benzene, 1-(1,1-dimethylethyl)-3,5-dimethyl-2,4,6-trinitro-
Musk xylol",PROHIBITION
IFRA_STD_171,40,Nitrobenzene,98-95-3,"Benzene, nitro
Nitrobenzol
Mirbane oil",PROHIBITION
IFRA_STD_172,40,2-Pentylidene cyclohexanone,25677-40-1,"Cyclohexanone, 2-pentylidene-",PROHIBITION
IFRA_STD_174,43,Phenyl acetone,103-79-7,"Benzyl methyl ketone
Methyl benzyl ketone
2-Propanone, 1-phenyl",PROHIBITION
IFRA_STD_175,43,Phenyl benzoate,93-99-2,"Benzoic acid, phenyl ester",PROHIBITION
IFRA_STD_176,40,Pseudoionone,141-10-6,"Citrylideneacetone
2,6-Dimethylundeca-2,6,8-trien-10-one
6,10-Dimethyl-3,5,9-undecatrien-2-one
3,5,9-Undecatrien-2-one, 6,10-dimethyl-",PROHIBITION_SPECIFICATION
IFRA_STD_177,44,Pseudo methylionones,"26651-96-7
72968-25-3
1117-41-5","2,6-Dimethyldodeca-2,6,8-trien-10-one
7,11-Dimethyl-4,6,10-dodecatrien-3-one
7,11-Dimethyldodeca-4,6,10-trien-3-one
4,6,10-Dodecatrien-3-one, 7,11-dimethyl-
3,6,10-Trimethylundeca-3,5,9-trien-2-one",PROHIBITION_SPECIFICATION
IFRA_STD_178,45,Quinoline,91-22-5,"1-Benzazine
2,3-Benzopyridine
Benzo(b)pyridine
Chinoleine
Leucoline
Quinoleine",PROHIBITION
IFRA_STD_179,17,"Safrole, Isosafrole and Dihydrosafrole","94-59-7
120-58-1
94-58-6","94-59-7:
1,3-Benzodioxole, 5-(2-propenyl)-
3,4-Methylene dioxyallylbenzene
4-Allyl-1,2-methylene dioxybenzene
5-Allyl-1,3-benzodioxole
Safrol

120-58-1:
1,2-Methylenedioxy-4-propenylbenzene
1,3-Benzodioxole, 5-(1-propenyl)-
5-Prop-1-en-1-yl-1,3-benzodioxole
Iso-safrole

94-58-6:
1,3-Benzodioxole, 5-propyl-
3,4-Methylenedioxypropylbenzene
5-Propyl-1,3-benzodioxole",PROHIBITION_RESTRICTION
IFRA_STD_180,43,Santolina oil,84961-58-0,Not applicable.,PROHIBITION
IFRA_STD_181,10,Savin oil,"Prohibition of Savin oil:
8024-00-8
90046-04-1

Specification of Savin oil: 
68916-94-9
90046-03-0","Prohibition of Savin oil:

Juniperus sabina L. 

Specification of Savin oil: 

Juniperus phoenicea L.
",PROHIBITION_SPECIFICATION
IFRA_STD_182,38,Toluene,108-88-3,"Toluol
Methylbenzol
Methylbenzene",PROHIBITION_SPECIFICATION
IFRA_STD_183,39,Sclareol,515-03-7,"Labd-14-ene-8,13-diol
1-Naphthalenepropanol,decahydro-alpha-ethenyl-2-hydroxy- alpha,2,5,5,8apentamethyl-, (1R-(1-alpha(R*),2-beta,4a-beta,8a-alpha))-",SPECIFICATION
IFRA_STD_184,28,Pinacea derivatives,Not applicable.,Derivatives from the Pine Family,SPECIFICATION
IFRA_STD_185,40,Nootkatone,4674-50-4,"5,6-Dimethyl-8-isopropenylbicyclo(4.4.0)dec-1-en-3-one
4a,5-Dimethyl-1,2,3,4,4a,5,6,7-octahydro-7-keto-3-isopropenylnaphthalene
4betaH,5alpha-Eremorphila-1(10),11-dien-2-one
(4R-(4alpha,4a alpha,6beta))-4,4a,5,6,7,8-Hexahydro-4,4a-dimethyl-6-(1-methylvinyl)naphthalen-2(3H)-one
4,4a,5,6,7,8-Hexahydro-6-isopropenyl-4,4a-dimethyl-2(3H)-naphthalenone
2(3H)-Naphthalenone, 4,4a,5,6,7,8-hexahydro-4,4a-dimethyl-6-(1-methylethenyl)-, (4R,4aS,6R)-",SPECIFICATION
IFRA_STD_186,29,Limonene,"138-86-3
7705-14-8
5989-27-5
5989-54-8","p-Mentha-1,8-diene	
1-methyl-4-prop-1-en-2-ylcyclohexene
1-Methyl-4-(1-methylethenyl)cyclohexene	
1-Methyl-4-isopropenyl-1-cyclohexene	
4-Isopropenyl-1-methylcyclohexene
Cyclohexene, 1-methyl-4-(1-methylethenyl)-
Dipentene",SPECIFICATION
IFRA_STD_187,38,Linalool,"78-70-6
126-90-9
126-91-0","78-70-6 (Linalool):
1,6-Octadien-3-ol, 3,7-dimethyl-
2,6-Dimethyl-2,7-octadien-6-ol
2,7-Octadien-6-ol, 2,6-dimethyl-
3,7-Dimethyl-1,6-octadien-3-ol
3,7-Dimethylocta-1,6-dien-3-ol
Coriandrol
Licareol
Linalyl alcohol

126-90-9 (d-Linalool):
(S)-3,7-Dimethyl-1,6-octadien-3-ol
1,6-Octadien-3-ol, 3,7-dimethyl-, (S)-

126-91-0 (l-Linalool):
(R)-3,7-Dimethyl-1,6-octadien-3-ol
1,6-Octadien-3-ol, 3,7-dimethyl-, (R)-",SPECIFICATION
IFRA_STD_188,44,Allyl esters,Not applicable.,Not applicable.,SPECIFICATION
IFRA_STD_189,45,Musk ketone,81-14-1,"1-(4-tert-Butyl-2,6-dimethyl-3,5-dinitrophenyl) ethanone
4'-tert-butyl-2',6'-dimethyl-3',5'-dinitroacetophenone 
3,5-Dinitro-2,6-dimethyl-4-tert-butylacetophenone
1-[4-(1,1-Dimethylethyl)-2,6-dimethyl-3,5-dinitrophenyl]ethanone 
Ethanone, 1-[4-(1,1-dimethylethyl)-2,6-dimethyl-3,5-dinitrophenyl]-",SPECIFICATION
IFRA_STD_190,49,Propenylguaethol,"94-86-0
63477-41-8","1-Ethoxy-2-hydroxy-4-propenylbenzene
2-Ethoxy-5-prop-1-en-1-ylphenol
2-Ethoxy-5-propenylphenol
3-Propenyl-6-ethoxyphenol
6-Ethoxy-m-anol
Phenol, 2-ethoxy-5-(1-propenyl)-
Vanitrope (commercial name)
Isosafroeugenol (commercial name)",RESTRICTION
IFRA_STD_191,49,2-Methoxy-4-propylphenol,2785-87-7,"Phenol, 2-methoxy-4-propyl-
4-Propyl-ortho-methoxyphenol
4-Propylguaicol
5-Propyl-ortho-hydroxyanisole
Dihydroeugenol",RESTRICTION
IFRA_STD_192,49,alpha-Bisabolol,"515-69-5
23089-26-1
23178-88-3
78148-59-1
76738-75-5
72691-24-8","(R*,R*)-.α.,4-Dimethyl-.α.-(4-methyl-3-pentenyl)cyclohex-3-ene-1-methanol
3-Cyclohexene-1-methanol, .α.,4-dimethyl-.α.-(4-methyl-3-pentenyl)-, (R*,R*)-
6-Methyl-2-(4-methyl-3-cyclohexen-1-yl)-5-hepten-2-ol
3-Cyclohexene-1-methanol, α,4-dimethyl-α-(4-methyl-3-penten-1- yl)-
3-Cyclohexene-1-methanol, α,4-dimethyl-α-(4-methyl-3-penten-1- yl)-, (αS,1S)-
3-Cyclohexene-1-methanol, α,4-dimethyl-α-(4-methyl-3-penten-1- yl)-, (αR,1R)-
3-Cyclohexene-1-methanol, α,4-dimethyl-α-(4-methyl-3-penten-1- yl)-, (αR,1S)-
3-Cyclohexene-1-methanol, α,4-dimethyl-α-(4-methyl-3-penten-1- yl)-, (αS,1R)-
alpha-Bisabolol
Bisabolol
Bisabolol nat. roh (Candela-Öl) (Commercial name)
Dragosantol (Commercial name)
",RESTRICTION
IFRA_STD_193,49,p-Tolyl alcohol,589-18-4,"(4-Methylphenyl)methanol
Benzenemethanol, 4-methyl-
p-Methylbenzyl alcohol
p-Tolualcohol
4-(Hydroxymethyl)toluene
4-Methylbenzyl alcohol
4-Tolylcarbinol",RESTRICTION
IFRA_STD_194,49,p-Isopropylbenzyl alcohol,536-60-7,"(4-Isopropylphenyl)methanol
Benzenemethanol, 4-(1-methylethyl)-
p-iso-Propylbenzyl alcohol
p-Cymen-7-ol
Cumin alcohol
Cuminic alcohol
Cuminol
Cuminyl alcohol",RESTRICTION
IFRA_STD_195,49,"2,6,10-Trimethylundeca-5,9-dien-1-ol","24048-14-4
185019-19-6
58001-88-0
58001-87-9
1373932-23-0
1018832-07-9","24048-14-4:
2,6,10-Trimethylundeca-5,9-dienol
5,9-Undecadien-1-ol, 2,6,10-trimethyl-
Dihydroapofarnesol
Profarnesol

185019-19-6 and 58001-88-0:
(E)-2,6,10-Trimethylundeca-5,9-dien-1-ol

58001-87-9:
(Z)-2,6,10-Trimethylundeca-5,9-dien-1-ol

1373932-23-0:
(2R,5E)-2,6,10-Trimethylundeca-5,9-dien-1-ol

1018832-07-9:
(2S, 5E)-2,6,10-Trimethylundeca-5,9-dien-1-ol",RESTRICTION
IFRA_STD_197,49,Cedrene,"11028-42-5
469-61-4
546-28-1","11028-42-5: 
Cedr-8-ene

469-61-4: 
α-Cedrene
Cedr-8-ene
1H-3a,7-Methanoazulene, 2,3,4,7,8,8a-hexahydro-3,6,8,8-tetramethyl-, (3R-(3-α,3a-β,8a-α)]

546-28-1: 
β.-Cedrene
1H-3a,7-Methanoazulene, octahydro-3,8,8-trimethyl-6-methylene-, [3R-(3alpha,3abeta,7beta,8aalpha)]-
Cedr-8(15)-ene",RESTRICTION
IFRA_STD_198,49,4-Phenyl-3-buten-2-ol,17488-65-2,"3-Buten-2-ol, 4-phenyl-
4-Phenylbut-3-en-2-ol
Methyl styryl carbinol",RESTRICTION
IFRA_STD_199,49,Longifolene,"475-20-7
16846-09-6
19067-29-9","4,8,8-Trimethyl-9-methylenedecahydro-1,4-methanoazulene
1,4-Methanoazulene, decahydro-4,8,8-trimethyl-9-methylene-) 
1,4-Methanoazulene, decahydro-4,8,8-trimethyl-9-methylene-, [1S-(1α,3αβ,4α,8aβ)]-
1,4-Methanoazulene, decahydro-4,8,8-trimethyl-9-methylene-, (1R,3αS,4R,8αR)-",RESTRICTION
IFRA_STD_201,49,"4-Hydroxy-2,5-dimethyl-3(2H)-furanone",3658-77-3,"3(2H)-Furanone, 4-hydroxy-2,5-dimethyl-
2,5-Dimethyl-4-hydroxy-2,3-dihydrofuran-3-one
4-Hydroxy-2,5-dimethylfuran-3(2H)-one
Dimethylhydroxy furanone
Strawberry furanone
Furaneol (Commercial name)
Neofuraneol (Commercial name)
Pineapple compound (Commercial name)
",RESTRICTION
IFRA_STD_202,49,Farnesal,19317-11-4,"2,6,10-Dodecatrienal, 3,7,11-trimethyl-
3,7,11-Trimethyl dodecatrien-2,6,10-al-1
3,7,11-Trimethyl-2,6,10-dodecatrienal
3,7,11-Trimethyldodeca-2,6,10-trienal",RESTRICTION
IFRA_STD_203,49,"3,7-Dimethyl-2,6-nonadien-1-al",41448-29-7,"2,6-Nonadien-1-al, 3,7-dimethyl-
3,7-Dimethylnona-2,6-dienal
Ethyl citral",RESTRICTION
IFRA_STD_204,49,"5,9-Dimethyl-4,8-decadienal",762-26-5,"4,8-Decadienal, 5,9-dimethyl-
5,9-Dimethyldeca-4,8-dienal
Geraldehyde (Commercial name)
Geranyl Acetaldehyde (Commercial name)",RESTRICTION
IFRA_STD_205,49,"3,7-Dimethyl-3,6-octadienal","55722-59-3
1754-00-3
72203-98-6
72203-97-5","3,6-Octadienal, 3,7-dimethyl-
3,7-Dimethylocta-3,6-dienal
(E)-3,7-Dimethyl-3,6-octadienal
(Z)-3,7-Dimethyl-3,6-octadienal
Isocitral (Commercial name)
Isogeranial (Commercial name)
Isoneral (Commercial name)",RESTRICTION
IFRA_STD_206,49,Citronellal,"106-23-0
5949-05-3","106-23-0: 
2,3-Dihydrocitral
3,7-Dimethyl-6-octenal
3,7-Dimethyloct-6-enal
6-Octenal, 3,7-dimethyl-
Citronellal Extra (Commercial name)
Rhodinal (Commercial name)

5949-05-3: 
6-Octenal, 3,7-dimethyl-, (3S)-
I-Citronellal",RESTRICTION
IFRA_STD_207,49,"4,8-Dimethyl-4,9-decadienal",71077-31-1,"4,9-Decadienal, 4,8-dimethyl-
Aldehyde DMD (Commercial name)
Floral Super (Commercial name)",RESTRICTION
IFRA_STD_208,49,"cis,trans-4-(Isopropyl)cyclohexanemethanol","5502-75-0
13828-37-0
13674-19-6","4-(1-methylethyl)-cyclohexanemethanol
(4-propan-2-ylcyclohexyl)methanol
4-Isopropylcyclohexylmethanol
(4-Isopropylcyclohexyl)methanol
Reaction mass of trans-4-(isopropyl)cyclohexanemethanol and cis-4-(isopropyl)cyclohexanemethanol
cis-4-(Isopropyl)cyclohexanemethanol
trans-4-(Isopropyl)cyclohexanemethanol
Cyclohexanemethanol, 4-(1-methylethyl)-, cis
Cyclohexanemethanol, 4-(1-methylethyl)-, trans
p-Menthan-7-ol
cis-p-Menthan-7-ol
trans-p-Menthan-7-ol
Mayol (commercial name)
Meijiff (commercial name)

",RESTRICTION
IFRA_STD_209,49,4-(Isopropyl)-.beta.-methylcyclohexanethanol,67634-03-1,"2-(4-Isopropylcyclohexyl)propan-1-ol
Cyclohexaneethanol, .β.-methyl-4-(1-methylethyl)-
Rodipol C (Commercial name)",RESTRICTION
IFRA_STD_210,49,"Cyclohexanemethanol, 2,4-dimethyl-",68480-15-9,"(2,4-Dimethylcyclohexyl)methanol
2,4-Dimethylcyclohexanemethanol",RESTRICTION
IFRA_STD_211,49,"3,3-Dimethyl-5-(2,2,3-trimethyl-3-cyclopenten-1-yl)-4-penten-2-ol",107898-54-4,"4-Penten-2-ol, 3,3-dimethyl-5-(2,2,3-trimethyl-3-cyclopenten-1-yl)-
(+/-) trans-3,3-Dimethyl-5-(2,2,3-trimethyl-cyclopent-3-en-1-yl)pent-4-en-2-ol
Mysantol (Commercial name)
Polysantol (Commercial name)",RESTRICTION
IFRA_STD_212,49,"5-(2,2,3-Trimethyl-3-cyclopentenyl)-3-methylpentan-2-ol",65113-99-7,"3-Cyclopentene-1-butanol, .α.,.β.,2,2,3-pentamethyl-
3-Methyl-5-(2,2,3-trimethylcyclopent-3-en-1-yl)pentan-2-ol
a,b,2,2,3-Pentamethylcyclopent-3-ene-1-butanol
Sandal Series G (Commercial name)
Sandalore (Commercial name)",RESTRICTION
IFRA_STD_213,49,"alpha,2,2,3-Tetramethylcyclopent-3-ene-1-butyraldehyde",65114-03-6,"2-Methyl-4-(2,2,3-trimethylcyclopent-3-en-1-yl)butanal
3-Cyclopentene-1-butanal, α,2,2,3-tetramethyl-
Florenza (commercial name)
Santafleur (commercial name)",RESTRICTION
IFRA_STD_214,44,Isobutyl N-methylanthranylate,65505-24-0,"Benzoic acid, 2-(methylamino)-, 2-methylpropyl ester
Isobutyl 2-(methylamino)benzoate",SPECIFICATION
IFRA_STD_215,44,p-Methyltetrahydroquinoline,91-61-2,"6-Methyl-1,2,3,4-tetrahydroquinoline
Quinoline, 1,2,3,4-tetrahydro-6-methyl-
1,2,3,4-Tetrahydro-6-methylquinoline
Tetrahydro-p-methylquinoline",SPECIFICATION
IFRA_STD_216,44,"1,2,3,4-Tetrahydro-4-methylquinoline",19343-78-3,"4-Methyl-1,2,3,4-tetrahydroquinoline
Quinoline, 1,2,3,4-tetrahydro-4-methyl-
1,2,3,4-Tetrahydrolepidine
1,2,3,4-Tetrahydro-4-methylquinoline",SPECIFICATION
IFRA_STD_217,49,4-(4-Hydroxyphenyl)butan-2-one,5471-51-2,"p-Hydroxybenzylacetone
1-p-Hydroxyphenyl-3-butanone
2-Butanone, 4-(4-hydroxyphenyl)-
4-(p-Hydroxyphenyl)-2-butanone
Raspberry ketone
Corps N 112 (commercial name)
Frambinon (commercial name)
Oxanone (commercial name)
Oxyphenylon (commercial name)",RESTRICTION
IFRA_STD_218,50,Mintlactone,"13341-72-5
38049-04-6","Mintlactone
2(4H)-Benzofuranone, 5,6,7,7a-tetrahydro-3,6-dimethyl3,6-Dimethyl-5,6,7,7a-tetrahydro-1-benzofuran-2(4H)-one
3,6-Dimethyl-5,6,7,7a-tetrahydro-2(4H)benzo-furanone
5,6,7,7a-Tetrahydro-3,6-dimethyl-(4H)-benzofuran-2-one
Dehydroxymenthofurolactone
Menthofurolactone
Mint furanone
2(4H)-Benzofuranone, 5,6,7,7a-tetrahydro-3,6-dimethyl-, (6R,7aR)-
(-)-Mintlactone",PROHIBITION
IFRA_STD_219,51,Ethyl isopropyl bicycloheptene-2-carboxylate,"116044-44-1
116126-82-0","Ethyl isopropyl bicycloheptene-2-carboxylate
(2-endo,3-exo)-Ethyl 3-(1-methylethyl)bicyclo[2.2.1]hept-5-ene-2-carboxylate
(2-endo,3-exo)-Ethyl 3-isopropylbicyclo[2.2.1]hept-5-ene-2-carboxylate
Bicyclo[2.2.1]hept-5-ene-2-carboxylic acid, 3-(1-methylethyl)-, ethyl ester, (2-endo,3-exo)-
Ethyl (2S,3S)-3-isopropylbicyclo[2.2.1]hept-5-ene-2-carboxylate
Bicyclo[2.2.1]hept-5-ene-2-carboxylic acid, 3-(1-methylethyl)-, ethyl ester, (2-exo,3-endo)-
3-(1-Methyl ethyl) bicyclo(2.2.1) hept-5-ene-2-carboxylic acid ethyl ester
Ethyl (2R,3R)-3-isopropylbicyclo[2.2.1]hept-5-ene-2-carboxylate
Herbanate (commercial name)",RESTRICTION
IFRA_STD_220,51,Tetramethyl bicyclo-2-heptene-2-propionaldehyde,33885-52-8,"Tetramethyl bicyclo-2-heptene-2-propionaldehyde
.alpha.,.alpha.,6,6-Tetramethyl-2-norpinene-2-propionaldehyde
.alpha.,.alpha.,6,6-Tetramethylbicyclo[3.1.1]hept-2-ene-2-propionaldehyde
.α.,.α.,6,6-Tetramethyl-2-norpinene-2-propionaldehyde	
.α.,.α.,6,6-Tetramethylbicyclo[3.1.1]hept-2-ene-2-propionaldehyde
3-(6,6-Dimethylbicyclo[3.1.1]hept-2-en-2-yl)-2,2-dimethylpropanal
Bicyclo[3.1.1]hept-2-ene-2-propanal, .alpha.,.alpha.,6,6-tetramethyl-
Bicyclo[3.1.1]hept-2-ene-2-propanal, .α.,.α.,6,6-tetramethyl-
PIBA  (commercial name)
Pinyl iso butyraldehyde  (commercial name)",RESTRICTION
IFRA_STD_221,51,"1-(2,2,6-Trimethylcyclohexyl)-3-hexanol",70788-30-6,"1-(2,2,6-Trimethylcyclohexyl)-3-hexanol
1-(Trimethylcyclohexyl)-hexanol
2,2,6-Trimethyl-alpha-propylcyclohexanepropanol
2,2,6-Trimethyl-α-propylcyclohexanepropanol 
Cyclohexanepropanol, 2,2,6-trimethyl-.alpha.-propyl-
Cyclohexanepropanol, 2,2,6-trimethyl-.α.-propyl-
Norlimbanol (commercial name)
Norlimbanol Dextrol (commercial name)
Timberol (commercial name)
Karmawood (commercial name)",RESTRICTION
IFRA_STD_222,51,1-(2-tert.-Butyl cyclohexyloxy)-2-butanol,139504-68-0,"1-(2-tert.-Butyl cyclohexyloxy)-2-butanol
1-(2-tert-Butylcyclohexyl)oxybutan-2-ol
1-[(2-tert-Butylcyclohexyl)oxy]butan-2-ol
1-(2-t.-Butyl cyclohexyloxy)-2-butanol
1-(2-t-Butylcyclohexyl)oxybutan-2-ol
1-[(2-t-Butylcyclohexyl)oxy]butan-2-ol
Amber Core (commercial name)
Coramber (commercial name)",RESTRICTION
IFRA_STD_223,51,"3,6,7-Trimethyl-2,6-octadienal",1891-67-4,"3,6,7-Trimethyl-2,6-octadienal
2,​6-​Octadienal, 3,​6,​7-​trimethyl-",RESTRICTION
IFRA_STD_224,51,"2,4,4,7-Tetramethyl-6-octen-3-one",74338-72-0,"2,4,4,7-Tetramethyl-6-octen-3-one
Claritone (commercial name)",RESTRICTION
IFRA_STD_225,51,2-Cyclohexylidene-2-ortho-tolylacetonitrile,916887-53-1,"2-Cyclohexylidene-2-ortho-tolylacetonitrile
2-Cyclohexylidene-2-o-tolylacetonitrile
Benzeneacetonitrile, alpha-cyclohexylidene-2-methyl-
Benzeneacetonitrile, α-cyclohexylidene-2-methyl-
Petalia (commercial name)",RESTRICTION
IFRA_STD_226,51,Ethyl and Methyl furaneol,"27538-09-6
27538-10-9","2-Ethyl-4-hydroxy-5-methylfuran-3-one
Ethyl furaneol
Methyl furaneol
2-Ethyl-4-hydroxy-5-methyl-3(2H)-furanone
3(2H)-Furanone, 5-ethyl-4-hydroxy-2-methyl-
3(2H)-Furanone, 2-ethyl-4-hydroxy-5-methyl-
5-Ethyl-4-hydroxy-2-methyl-3(2H)-furanone
5-Ethyl-4-hydroxy-2-methylfuran-3(2H)-one
2-Ethyl-4-hydroxy-5-methylfuran-3(2H)-one
Homofuraneol
Maltarome (commercial name)
Homofuronol (commercial name)",RESTRICTION
IFRA_STD_227,51,2-Hexylidenecyclohexan-1-one,16429-07-5,"2-Hexylidenecyclohexan-1-one
2-Hexylidenecyclohexanone
Cyclohexanone, 2-hexylidene-",RESTRICTION
IFRA_STD_228,51,2-Methyl-2-pentenal,623-36-9,"2-Methyl-2-pentenal 
2-Methylpent-2-enal
2-Pentenal, 2-methyl-
2,4-Dimethylcrotonaldehyde
α-Methyl-β-ethylacrolein
alpha-Methyl-beta-ethylacrolein",RESTRICTION
IFRA_STD_229,51,2-Octen-4-one,4643-27-0,"2-Octen-4-one
Butyl propenyl ketone	
Oct-2-en-4-one
Propenyl butyl ketone
Strawbinone (commercial name)",RESTRICTION
IFRA_STD_231,51,Methyl lavender ketone,"67801-33-6
67633-95-8","Methyl lavender ketone
2-Nonanone, 3-(hydroxymethyl)-
3-(Hydroxymethyl)nonan-2-one
Herbal ketone
2-Acetyl-1-octanol
1-Hydroxydecan-3-one
3-Decanone, 1-hydroxy
1-Hydroxy-3-decanone
Ethyl hydroxyheptyl ketone",RESTRICTION
IFRA_STD_232,51,"3,4,5,6,6-Pentamethylhept-3-en-2-one","81786-75-6
81786-73-4
86115-11-9
81786-74-5","3,4,5,6,6-Pentamethylhept-3-en-2-one
2-Heptanone, 3,5,6,6-tetramethyl-4-methylene-
3,5,6,6-Tetramethyl-4-methyleneheptan-2-one
3,5,6,6-Tetramethyl-4-methylideneheptan-2-one
(Z)-3,4,5,6,6-Pentamethylhept-3-en-2-one
3-Hepten-2-one, 3,4,5,6,6-pentamethyl-, (Z)-
3-Hepten-2-one, 3,4,5,6,6-pentamethyl-
(E)-3,4,5,6,6-Pentamethylhept-3-en-2-one
3-Hepten-2-one, 3,4,5,6,6-pentamethyl-, (E)-
Acetyl Diisoamylene (commercial name)
Koavone (commercial name)",RESTRICTION
IFRA_STD_233,51,3-Methyl-5-phenylpent-2-enenitrile,"93893-89-1
53243-59-7
53243-60-0","3-Methyl-5-phenylpent-2-enenitrile
2-Pentenenitrile, 3-methyl-5-phenyl- (isomer unspecified)
(Z)-3-Methyl-5-phenylpent-2-enenitrile
2-Pentenenitrile, 3-methyl-5-phenyl-, (Z)-
(E)-3-Methyl-5-phenylpent-2-enenitrile
2-Pentenenitrile, 3-methyl-5-phenyl-, (E)-
Citronitrile (commercial name)",RESTRICTION
IFRA_STD_234,51,3-Octen-2-one,1669-44-9,"3-Octen-2-one
Oct-3-en-2-one
Methyl hexenyl ketone
1-Hexenyl methyl ketone",RESTRICTION
IFRA_STD_235,51,Dimethyl octenone,2550-11-0,"Dimethyl octenone
4,7-Dimethyloct-6-en-3-one
6-Octen-3-one, 4,7-dimethyl-",RESTRICTION
IFRA_STD_236,51,Isopentylcyclohexanone,16587-71-6,"Isopentylcyclohexanone
4-(1,1-Dimethylpropyl)cyclohexanone
4-t-Amylcyclohexanone
4-tert-Amylcyclohexanone
4-tert-Pentylcyclohexanone
Cyclohexanone, 4-(1,1-dimethylpropyl)-
p-tert Amyl cyclohexanone
Orris hexanone
4-(2-Methylbutan-2-yl)cyclohexan-1-one
Orivone (commercial name)",RESTRICTION
IFRA_STD_237,51,Woody furan,"338735-71-0
351343-77-6","Woody furan
2,6,6,7,8,8-hexamethyldecahydro-2H-indeno[4,5-b]furan
Decahydro-2,6,6,7,8,8-hexamethyl-2H-indeno[4,5-b]furan
8H-Indeno(4,5-B)furan,2,3,3a,4,5,5a,6,7,8a,9-decahydro-2,6,6,7,8,8-hexamethyl (mixture of isomers)
1H-Indene, 2,3,3a,4,5,7a-hexahydro-1,1,2,3,3-pentamethyl-6-(2-propenyl)- 
Tris amber super (commercial name)
Trisamber (commercial name)",RESTRICTION
IFRA_STD_238,51,Allyl 3-cyclohexylpropionate,2705-87-5,"Allyl 3-cyclohexylpropionate
2-Propen-1-yl cyclohexanepropionate
Allyl 3-cyclohexylpropanoate
Allyl beta-cyclohexylpropionate
Allyl β-cyclohexylpropionate
Allyl cyclohexanepropionate
Allyl cyclohexylpropionate
Allyl hexahydrophenylpropionate
Cyclohexanepropionic acid, 2-propenyl ester
Prop-2-enyl 3-cyclohexylpropanoate
Cyclohexylpropionic acid allyl ester",RESTRICTION_SPECIFICATION
IFRA_STD_239,51,alpha-Amylcinnamicaldehyde diethyl acetal,60763-41-9,"alpha-Amylcinnamicaldehyde diethyl acetal
α-Amylcinnamicaldehyde diethyl acetal
[2-(Diethoxymethyl)hept-1-en-1-yl]benzene
1,1-Diethoxy-2-amyl-3-phenyl-2-propene
1,1-Diethoxy-2-amyl-3-phenylacrolein
2-Diethoxymethyl-1-phenylhept-1-ene
Benzene, [2-(diethoxymethyl)-1-heptenyl]-
2-(Diethoxymethyl)hept-1-enylbenzene",RESTRICTION
IFRA_STD_240,51,alpha-Amylcinnamicaldehyde dimethyl acetal,91-87-2,"alpha-Amylcinnamicaldehyde dimethyl acetal
α-Amylcinnamicaldehyde dimethyl acetal
alpha-Amylcinnamaldehyde dimethyl acetal
α-Amylcinnamaldehyde dimethyl acetal
[2-(Dimethoxymethyl)hept-1-en-1-yl]benzene
1,1-Dimethoxy-2-amyl-3-phenyl-2-propene
1,1-Dimethoxy-2-benzylideneheptane
alpha-Amyl-beta-phenylacrolein dimethyl acetal
α-Amyl-β-phenylacrolein dimethyl acetal
alpha-Pentylcinnamaldehyde dimethyl acetal
α-Pentylcinnamaldehyde dimethyl acetal
Benzene, [2-(dimethoxymethyl)-1-heptenyl]-
[2-(Dimethoxymethyl)-1-heptenyl]benzene",RESTRICTION
IFRA_STD_241,51,alpha-Cyclohexylidene benzeneacetonitrile,10461-98-0,"alpha-Cyclohexylidene benzeneacetonitrile
α-Cyclohexylidene benzeneacetonitrile
.delta.1,.alpha.-Cyclohexaneacetonitrile, .alpha.-phenyl-
.δ.1,.α.-Cyclohexaneacetonitrile, .α.-phenyl-
2-Cyclohexylidene-2-phenylacetonitrile
Benzeneacetonitrile, alpha-cyclohexylidene-
Benzeneacetonitrile, α-cyclohexylidene-
Peonile (commercial name)
Rosinile (commercial name)
Sensinile (commercial name)",RESTRICTION
IFRA_STD_242,51,5-Hexen-1-yl 2-methylbutanoate,155514-23-1,"5-Hexen-1-yl 2-methylbutanoate
Hex-5-en-1-yl 2-methylbutanoate
Butanoic acid, 2-​methyl-​, 5-​hexen-​1-​yl ester
Fructate (commercial name)",RESTRICTION
IFRA_STD_243,51,Carvyl acetate,"97-42-7
1205-42-1
1134-95-8","Carvyl acetate
2-Cyclohexen-1-ol, 2-methyl-5-(1-methylethenyl)-, acetate
5-Isopropenyl-2-methylcyclohex-2-en-1-yl acetate
p-Mentha-6,8-dien-2-yl acetate
p-Mentha-6,8-dien-2-ol, acetate
2-Cyclohexen-1-ol, 2-methyl-5-(1-methylethenyl)-, acetate, cis-
5-Isopropenyl-2-methylcyclohex-2-en-1-yl acetate, cis-
p-Mentha-6,8-dien-2-ol, acetate, cis-
l-1-p-Mentha-6,8(9)-dien-2-yl acetate
cis-Carvyl acetate
laevo-Carvyl acetate
1-Carvyl acetate
cis-2-Methyl-5-(1-methylvinyl)cyclohex-2-en-1-yl acetate
2-Cyclohexen-1-ol, 2-methyl-5-(1-methylethenyl)-, acetate, trans-
5-Isopropenyl-2-methyl-2-cyclohexen-1-yl acetate, trans-
p-Mentha-6,8-dien-2-ol, acetate, trans-
trans-Carvyl acetate
(E)-Carvyl acetate
Carvyl acetate E",RESTRICTION
IFRA_STD_244,51,cis-3-Heptenyl acetate,1576-78-9,"cis-3-Heptenyl acetate
(Z)-Hept-3-enyl acetate
3-Hepten-1-ol, acetate, (Z)-
Hept-3-en-1-yl acetate
3-Hepten-1-yl acetate
(Z)-3-hepten-1-yl acetate
Violana (commercial name)",RESTRICTION
IFRA_STD_245,51,cis-3-Hexenyl isovalerate,35154-45-1,"cis-3-Hexenyl isovalerate
(Z)-Hex-3-enyl isovalerate
Hex-3-en-1-yl 3-methylbutanoate
Isovaleric acid, 3-hexenyl ester, (z)-
(Z)-3-Hexen-1-yl isovalerate",RESTRICTION
IFRA_STD_246,51,cis-3-Hexenyl methyl carbonate,67633-96-9,"cis-3-Hexenyl methyl carbonate
Carbonic acid, 3-hexenyl methyl ester, (Z)-
cis-3-Hexenyl carbonate
cis-3-Hexenyl methyl carbonate
Hex-3-en-1-yl methyl carbonate
Methyl cis-3-hexenyl carbonate
(Z)-3-Hexen-1-yl methyl carbonate
Liffarome (commercial name)
Leafovert (commercial name)
Vertelione (commercial name)",RESTRICTION
IFRA_STD_247,51,cis-3-Nonenyl acetate,13049-88-2,"cis-3-Nonenyl acetate
(Z)-3-Nonenyl acetate
3-Nonen-1-ol, acetate, (3Z)-
(Z)-3-Nonen-1-yl acetate
Acetic acid 3-nonenyl ester
Pear acetate (commercial name)",RESTRICTION
IFRA_STD_248,51,Citronellyl acetate,"150-84-5
67601-05-2
141-11-7","Citronellyl acetate
3,7-Dimethyl-6-octen-1-ol acetate
3,7-Dimethyl-6-octen-1-yl acetate
3,7-Dimethyloct-6-en-1-yl acetate
6-Octen-1-ol, 3,7-dimethyl-, acetate
Acetic acid, citronellyl ester
laevo-Citronellyl acetate
3,7-Dimethyloct-6-enyl acetate
6-Octen-1-ol, 3,7-dimethyl-, 1-acetate (3S)-
6-Octen-1-ol, 3,7-dimethyl-, acetate (S)-
(S)-3,7-Dimethyloct-6-en-1-yl acetate
(-)-3,7-dimethyloct-6-enyl acetate
alpha-Citronellyl acetate
3,7-Dimethyl-(6-or 7-)octen-1-yl acetate
3,7-Dimethyl-(6-or 7-)octen-1-yl ethanoate
3,7-Dimethyloct-7-en-1-yl acetate
7-Octen-1-ol, 3,7-dimethyl-, acetate
3,7-Dimethyl-7-octen-1-yl acetate
3,7-Dimethyl-7-octen-1-yl ethanoate
(S)-3,7-Dimethyloct-7-enyl acetate
Rhodinyl acetate
Rhodinyl ethanoate
l-Citronellyl acetate (commercial name)",RESTRICTION
IFRA_STD_249,51,Cyclohexadecanone,2550-52-9,"Cyclohexadecanone
Homoexaltone
Isomuscone (commercial name)",RESTRICTION
IFRA_STD_250,51,Cyclohexadecenone,"88642-03-9
5365-06-0
2550-59-6
3100-36-5
5120-20-7
854373-71-0
854373-70-9","Cyclohexadecenone
Cyclohexadec-2-en-1-one
Cyclohexadec-8(7)-en-1-one
8-Cyclohexadecen-1-one, (8E)
(Z)-Cyclohexadec-8-enone
7-Cyclohexadecen-1-one
8-Cyclohexadecen-1-one
Cyclohexadec-8-en-1-one mixture of cis and trans isomer
Cyclohexadec-8-en-1-one
8-Cyclohexadecen-1-one, (8Z)
8-Cyclohexadecen-1-one, (Z)
(Z)-8-Cyclohexadecen-1-one
8-Cyclohexadecenone
cis-Cyclohexadec-8-en-1-on
8-cis-Cyclohexadecen-1-on
7-Cyclohexadecen-1-one, (7Z)
7-Cyclohexadecen-1-one, (7E)
(E)-Cyclohexadec-7-enone
Globanone (commercial name)
Aurelione (commercial name)",RESTRICTION
IFRA_STD_251,51,"1-(2,2,6-Trimethylcyclohexyl)-3-pentanol","60241-52-3
60241-53-4","1-(2,2,6-Trimethylcyclohexyl)-3-pentanol
Cyclohexanepropanol, α-ethyl-2,2,6-trimethyl-
Cyclohexanepropanol, alpha-ethyl-2,2,6-trimethyl-
alpha-Ethyl-2,2,6-trimethylcyclohexanepropanol
α-Ethyl-2,2,6-trimethylcyclohexanepropanol
.alpha.,.beta.,2,2,6-Pentamethylcyclohexanepropanol
.α.,.β.,2,2,6-Pentamethylcyclohexanepropanol
3-Methyl-4-(2,2,6-trimethylcyclohexyl)butan-2-ol
4-(2,6,6-Trimethylcyclohexyl)-3-methylbutan-2-ol
Cyclohexanepropanol, .α.,.β.,2,2,6-pentamethyl-
Cyclohexanepropanol, .alpha.,.beta.,2,2,6-pentamethyl-
Methyltetrahydroionol
Iso-methyl tetrahydroionol
Madranol (commercial name)",RESTRICTION
IFRA_STD_252,51,(Ethoxymethoxy)-cyclododecane,58567-11-6,"(Ethoxymethoxy)-cyclododecane
Cyclododecane, (ethoxymethoxy)-
Formaldehyde cyclododecyl ethyl acetal
Amber decane
Amberwood
2-Cyclododecyl propanol
Amberwood F (commercial name)
Boisambrene forte (commercial name)",RESTRICTION
IFRA_STD_253,51,"6-Hydroxy-2,6-dimethylheptanal",62439-42-3,"6-Hydroxy-2,6-dimethylheptanal
Heptanal, 6-​hydroxy-​2,​6-​dimethyl-",RESTRICTION
IFRA_STD_254,51,Isobutyl cinnamate,122-67-8,"Isobutyl cinnamate
2-Methylpropyl 3-phenylpropenoate
2-Methylpropyl beta-phenylacrylate
2-Methylpropyl β-phenylacrylate
2-Methylpropyl cinnamate
2-Propenoic acid, 3-phenyl-, 2-methylpropyl ester
Isobutyl 3-phenylacrylate
Isobutyl 3-phenylpropenoate
Isobutyl beta-phenylacrylate
Labdanol
3-Phenylpropenoic acid isobutyl ester
2-methylpropyl (E)-3-phenylprop-2-enoate",RESTRICTION
IFRA_STD_255,51,Isoeugenyl acetate,93-29-8,"Isoeugenyl acetate
2-Methoxy-4-prop-1-en-1-ylphenyl acetate
2-Methoxy-4-propenylphenyl acetate
4-Acetoxy-3-methoxy-1-(1-propen-1-yl)benzene
Acetisoeugenol
Acetyl isoeugenol
Isoeugenol acetate
Phenol, 2-methoxy-4-(1-propenyl)-, acetate
1-Acetoxy-2-methoxy-4-(1-propenyl)benzene
Acetic acid isoeugenyl ester",RESTRICTION
IFRA_STD_256,51,4-Methyl-1-propan-2-ylbicyclo[2.2.2]oct-2-ene-8-carboxylate,68966-86-9,"4-Methyl-1-propan-2-ylbicyclo[2.2.2]oct-2-ene-8-carboxylate
Bicyclo[2.2.2]oct-5-ene-2-carboxylic acid, 1(or 4)-methyl-4(or 1)-(1-methylethyl)-, methyl ester
Methyl 4(or 1)-isopropyl-1(or 4)-methylbicyclo[2.2.2]oct-5-ene-2-carboxylate
Mahagonat  (commercial name)
Poivrol (commercial name)",RESTRICTION
IFRA_STD_257,51,Methyl vanillyl ether,5533-03-9,"Methyl vanillyl ether
2-Methoxy-4-(methoxymethyl)phenol
Phenol, 2-methoxy-4-(methoxymethyl)-
4-Hydroxy-3-methoxybenzyl methyl ether
Mevanyl (commercial name)
Vani-White (commercial name)",RESTRICTION
IFRA_STD_258,51,Myraldyl acetate,72403-67-9,"Myraldyl acetate
3(or 4)-(4-Methylpenten-3-yl)cyclohex-3-ene-1-methyl acetate
3-Cyclohexene-1-methanol, 3(or 4)-(4-methyl-3-pentenyl)-, acetate
4(or 3)-(4-Methyl-3-pentenyl)-3-cyclohexenylmethyl acetate & isomers",RESTRICTION
IFRA_STD_259,51,Octahydro-dimethylnaphthalene-2-carbaldehyde (mixed isomers),"68738-94-3
68738-96-5
68991-96-8
68991-97-9","2-Naphthalenecarboxaldehyde, octahydro-8,8-dimethyl-
Dimethyloctahydro-2-naphthaldehyde
Octahydro-8,8-dimethyl-2-naphthalenecarboxaldehyde
Octahydro-8,8-dimethylnaphthalene-2-carbaldehyde
2-Naphthalenecarboxaldehyde, octahydro-5,5-dimethyl-
Octahydro-5,5-dimethylnaphthalene-2-carbaldehyde
1,2,3,4,5,6,7,8-Octahydro-5,5-dimethylnaphthalene-2-carbaldehyde
2-Naphthalenecarboxaldehyde, 1,2,3,4,5,6,7,8-octahydro-5,5-dimethyl-
5,5-Dimethyl-1,2,3,4,5,6,7,8-octahydro-2-naphthalenecarboxaldehyde
1,2,3,4,5,6,7,8-Octahydro-8,8-dimethyl-2-naphthaldehyde
2-Naphthalenecarboxaldehyde, 1,2,3,4,5,6,7,8-octahydro-8,8-dimethyl-
8,8-Dimethyl-1,2,3,4,5,6,7,8-octahydro-2-naphthalenecarboxaldehyde
Cyclomeral (commercial name)
Cyclomyral (commercial name)
Melafleur (commercial name)
Cyclemone A (commercial name)",RESTRICTION
IFRA_STD_260,51,p-Cresol,"106-44-5
1319-77-3","106-44-5:
p-Cresol
1-Hydroxy-4-methylbenzene
1-Methyl-4-hydroxybenzene
4-Cresol
4-Methylphenol
para-Cresol
p-Cresylic acid
Phenol, 4-methyl-
p-Hydroxytoluene
p-Methylphenol
1319-77-3:
Cresols
Cresol (mixed isomers)
Cresol, pure
Methylphenol
Mixed cresols
Phenol, methyl-",RESTRICTION
IFRA_STD_261,51,Phenoxyacetaldehyde,2120-70-9,"Phenoxyacetaldehyde
Acetaldehyde, phenoxy-
Cortex aldehyde 50
2-Phenoxyacetaldehyde
Acetaldehyde, 2-phenoxy-",RESTRICTION
IFRA_STD_262,51,Carvomenthone,"499-70-7
59471-80-6","Carvomenthone
trans-p-Menthan-2-one
p-Menthan-2-one
trans-5-Isopropyl-2-methylcyclohexan-1-one
5-Isopropyl-2-methylcyclohexanone
Cyclohexanone, 2-methyl-5-(1-methylethyl)-, trans-
Tetrahydrocarvone
Cyclohexanone, 2-​methyl-​5-​(1-​methylethyl)​-",RESTRICTION
IFRA_STD_263,51,4-tert-Butylcyclohexanone,98-53-3,"4-tert-Butylcyclohexanone
para-tert-Butylcyclohexanone
p-tert-Butylcyclohexanone
Cyclohexanone, 4-(1,1-dimethylethyl)-",RESTRICTION
IFRA_STD_264,51,"7-Methoxy-3,7-dimethyloct-1-ene",53767-86-5,"7-Methoxy-3,7-dimethyloct-1-ene
1-Octene, 7-methoxy-3,7-dimethyl-",RESTRICTION
IFRA_STD_265,51,Methoxycyclododecane,2986-54-1,"Methoxycyclododecane
Cyclododecane, methoxy-
Cyclododecyl methyl ether
Palisandin",RESTRICTION
IFRA_STD_266,51,"3-Acetyl-2,5-dimethylfuran",10599-70-9,"3-Acetyl-2,5-dimethylfuran
1-(2,5-Dimethyl-3-furyl)ethanone
2,5-Dimethyl-3-acetylfuran
Ethanone, 1-(2,5-dimethyl-3-furanyl)-",PROHIBITION
IFRA_STD_267,51,"2,5-Octadien-4-one, 5,6,7-trimethyl-, (2E)-","358331-95-0
357650-26-1
847144-75-6","2,5-Octadien-4-one, 5,6,7-trimethyl-, (2E)-
(2E,5Z)-5,6,7-Trimethylocta-2,5-dien-4-one
2,5-Octadien-4-one, 5,6,7-trimethyl-, (2E,5Z)-
2,5-Octadien-4-one, 5,6,7-trimethyl-, (2E,5E)-
(2E,5E)-5,6,7-Trimethylocta-2,5-dien-4-one
Pomarose (commercial name)",RESTRICTION